
DROP TABLE IF EXISTS `dashboard_trainer`;

CREATE TABLE `dashboard_trainer` (
  `id` bigint(20) NOT NULL AUTO_INCREMENT,
  `firstname` varchar(200) COLLATE utf8_unicode_ci NOT NULL,
  `lastname` varchar(200) COLLATE utf8_unicode_ci NOT NULL,
  `institution` varchar(9) COLLATE utf8_unicode_ci NOT NULL,
  `phone` varchar(17) COLLATE utf8_unicode_ci NOT NULL,
  `email` varchar(254) COLLATE utf8_unicode_ci NOT NULL,
  PRIMARY KEY (`id`)
) ENGINE=InnoDB AUTO_INCREMENT=31 DEFAULT CHARSET=utf8 COLLATE=utf8_unicode_ci;

INSERT INTO `dashboard_trainer` (`id`, `firstname`, `lastname`, `institution`, `phone`, `email`) VALUES ('1', 'Amiya', 'Miller', 'BeninCàju', '1-216-022-2850', 'dickens.chaz@example.org');
INSERT INTO `dashboard_trainer` (`id`, `firstname`, `lastname`, `institution`, `phone`, `email`) VALUES ('2', 'Shanelle', 'Schimmel', 'ATDA4', '514-550-3067x9913', 'vtorp@example.org');
INSERT INTO `dashboard_trainer` (`id`, `firstname`, `lastname`, `institution`, `phone`, `email`) VALUES ('3', 'Eunice', 'Rutherford', 'ATDA4', '278.121.7527', 'bbreitenberg@example.com');
INSERT INTO `dashboard_trainer` (`id`, `firstname`, `lastname`, `institution`, `phone`, `email`) VALUES ('4', 'Ransom', 'King', 'BeninCàju', '(699)970-0952', 'smcglynn@example.net');
INSERT INTO `dashboard_trainer` (`id`, `firstname`, `lastname`, `institution`, `phone`, `email`) VALUES ('5', 'Aniya', 'Walker', 'BeninCàju', '(989)447-5869', 'buckridge.jolie@example.net');
INSERT INTO `dashboard_trainer` (`id`, `firstname`, `lastname`, `institution`, `phone`, `email`) VALUES ('6', 'Nia', 'Koepp', 'BeninCàju', '1-167-872-3054x25', 'daniel.roslyn@example.com');
INSERT INTO `dashboard_trainer` (`id`, `firstname`, `lastname`, `institution`, `phone`, `email`) VALUES ('7', 'Braeden', 'Huels', 'BeninCàju', '544.466.4766x340', 'leatha.mann@example.org');
INSERT INTO `dashboard_trainer` (`id`, `firstname`, `lastname`, `institution`, `phone`, `email`) VALUES ('8', 'Lilyan', 'Rau', 'BeninCàju', '952.552.1121x8799', 'waters.jerrold@example.net');
INSERT INTO `dashboard_trainer` (`id`, `firstname`, `lastname`, `institution`, `phone`, `email`) VALUES ('9', 'Jackson', 'Bernier', 'ATDA4', '(590)830-9560x820', 'magnolia.hudson@example.org');
INSERT INTO `dashboard_trainer` (`id`, `firstname`, `lastname`, `institution`, `phone`, `email`) VALUES ('10', 'Brent', 'Kuhic', 'BeninCàju', '03672802594', 'mario73@example.com');
INSERT INTO `dashboard_trainer` (`id`, `firstname`, `lastname`, `institution`, `phone`, `email`) VALUES ('11', 'Bret', 'Bins', 'ATDA4', '065.344.7923', 'jarod.corkery@example.com');
INSERT INTO `dashboard_trainer` (`id`, `firstname`, `lastname`, `institution`, `phone`, `email`) VALUES ('12', 'Verlie', 'Wintheiser', 'ATDA4', '856-653-2751', 'horacio.kertzmann@example.com');
INSERT INTO `dashboard_trainer` (`id`, `firstname`, `lastname`, `institution`, `phone`, `email`) VALUES ('13', 'Godfrey', 'Watsica', 'ATDA4', '1-629-475-3434x30', 'mkeeling@example.net');
INSERT INTO `dashboard_trainer` (`id`, `firstname`, `lastname`, `institution`, `phone`, `email`) VALUES ('14', 'April', 'Abshire', 'ATDA4', '1-379-824-2472x26', 'moore.mikayla@example.org');
INSERT INTO `dashboard_trainer` (`id`, `firstname`, `lastname`, `institution`, `phone`, `email`) VALUES ('15', 'Turner', 'Rutherford', 'BeninCàju', '043-767-1029', 'mosciski.amely@example.org');
INSERT INTO `dashboard_trainer` (`id`, `firstname`, `lastname`, `institution`, `phone`, `email`) VALUES ('16', 'Joanie', 'Bradtke', 'BeninCàju', '346-867-7097', 'melody24@example.net');
INSERT INTO `dashboard_trainer` (`id`, `firstname`, `lastname`, `institution`, `phone`, `email`) VALUES ('17', 'Rebecca', 'Sanford', 'BeninCàju', '+61(3)2798357704', 'irving25@example.net');
INSERT INTO `dashboard_trainer` (`id`, `firstname`, `lastname`, `institution`, `phone`, `email`) VALUES ('18', 'Arlie', 'Lakin', 'BeninCàju', '369.567.6481x5024', 'wvon@example.org');
INSERT INTO `dashboard_trainer` (`id`, `firstname`, `lastname`, `institution`, `phone`, `email`) VALUES ('19', 'Marta', 'Schmitt', 'BeninCàju', '+44(7)5625119049', 'pamela28@example.org');
INSERT INTO `dashboard_trainer` (`id`, `firstname`, `lastname`, `institution`, `phone`, `email`) VALUES ('20', 'Shanelle', 'Ebert', 'ATDA4', '198-122-0507x2778', 'nhuels@example.com');
INSERT INTO `dashboard_trainer` (`id`, `firstname`, `lastname`, `institution`, `phone`, `email`) VALUES ('21', 'Serenity', 'Green', 'BeninCàju', '+90(8)9982065874', 'eryn18@example.org');
INSERT INTO `dashboard_trainer` (`id`, `firstname`, `lastname`, `institution`, `phone`, `email`) VALUES ('22', 'Jena', 'Harvey', 'ATDA4', '1-450-617-0750x85', 'charles.nitzsche@example.org');
INSERT INTO `dashboard_trainer` (`id`, `firstname`, `lastname`, `institution`, `phone`, `email`) VALUES ('23', 'Kayla', 'Fadel', 'ATDA4', '434.541.0440x9646', 'gerlach.nicolas@example.org');
INSERT INTO `dashboard_trainer` (`id`, `firstname`, `lastname`, `institution`, `phone`, `email`) VALUES ('24', 'Arielle', 'Stroman', 'BeninCàju', '760-212-2865x078', 'velma.hahn@example.com');
INSERT INTO `dashboard_trainer` (`id`, `firstname`, `lastname`, `institution`, `phone`, `email`) VALUES ('25', 'Dana', 'Hansen', 'BeninCàju', '+17(4)1674675780', 'zkemmer@example.com');
INSERT INTO `dashboard_trainer` (`id`, `firstname`, `lastname`, `institution`, `phone`, `email`) VALUES ('26', 'Vincenza', 'Purdy', 'BeninCàju', '06695902476', 'hildegard.watsica@example.com');
INSERT INTO `dashboard_trainer` (`id`, `firstname`, `lastname`, `institution`, `phone`, `email`) VALUES ('27', 'Eula', 'Hyatt', 'BeninCàju', '+55(5)9378767981', 'lambert.roob@example.org');
INSERT INTO `dashboard_trainer` (`id`, `firstname`, `lastname`, `institution`, `phone`, `email`) VALUES ('28', 'Heloise', 'Parker', 'BeninCàju', '02578040820', 'jlesch@example.net');
INSERT INTO `dashboard_trainer` (`id`, `firstname`, `lastname`, `institution`, `phone`, `email`) VALUES ('29', 'Kenna', 'Christiansen', 'ATDA4', '493.144.1147x766', 'misael04@example.org');
INSERT INTO `dashboard_trainer` (`id`, `firstname`, `lastname`, `institution`, `phone`, `email`) VALUES ('30', 'Clyde', 'Nikolaus', 'BeninCàju', '(803)900-1732', 'qhowell@example.com');


#
# TABLE STRUCTURE FOR: dashboard_trainingmodule
#

DROP TABLE IF EXISTS `dashboard_trainingmodule`;

CREATE TABLE `dashboard_trainingmodule` (
  `id` bigint(20) NOT NULL AUTO_INCREMENT,
  `module_name` varchar(200) COLLATE utf8_unicode_ci NOT NULL,
  `category` varchar(200) COLLATE utf8_unicode_ci NOT NULL,
  PRIMARY KEY (`id`)
) ENGINE=InnoDB AUTO_INCREMENT=26 DEFAULT CHARSET=utf8 COLLATE=utf8_unicode_ci;

INSERT INTO `dashboard_trainingmodule` (`id`, `module_name`, `category`) VALUES ('1', 'excepturi', 'harmony');
INSERT INTO `dashboard_trainingmodule` (`id`, `module_name`, `category`) VALUES ('2', 'maxime', 'room');
INSERT INTO `dashboard_trainingmodule` (`id`, `module_name`, `category`) VALUES ('3', 'aperiam', 'visitor');
INSERT INTO `dashboard_trainingmodule` (`id`, `module_name`, `category`) VALUES ('4', 'dolor', 'harmony');
INSERT INTO `dashboard_trainingmodule` (`id`, `module_name`, `category`) VALUES ('5', 'vero', 'fire');
INSERT INTO `dashboard_trainingmodule` (`id`, `module_name`, `category`) VALUES ('6', 'ea', 'smile');
INSERT INTO `dashboard_trainingmodule` (`id`, `module_name`, `category`) VALUES ('7', 'assumenda', 'visitor');
INSERT INTO `dashboard_trainingmodule` (`id`, `module_name`, `category`) VALUES ('8', 'beatae', 'apparel');
INSERT INTO `dashboard_trainingmodule` (`id`, `module_name`, `category`) VALUES ('9', 'sint', 'trucks');
INSERT INTO `dashboard_trainingmodule` (`id`, `module_name`, `category`) VALUES ('10', 'modi', 'apparel');
INSERT INTO `dashboard_trainingmodule` (`id`, `module_name`, `category`) VALUES ('11', 'sint', 'building');
INSERT INTO `dashboard_trainingmodule` (`id`, `module_name`, `category`) VALUES ('12', 'omnis', 'form');
INSERT INTO `dashboard_trainingmodule` (`id`, `module_name`, `category`) VALUES ('13', 'rerum', 'visitor');
INSERT INTO `dashboard_trainingmodule` (`id`, `module_name`, `category`) VALUES ('14', 'aperiam', 'apparel');
INSERT INTO `dashboard_trainingmodule` (`id`, `module_name`, `category`) VALUES ('15', 'beatae', 'smile');
INSERT INTO `dashboard_trainingmodule` (`id`, `module_name`, `category`) VALUES ('16', 'neque', 'visitor');
INSERT INTO `dashboard_trainingmodule` (`id`, `module_name`, `category`) VALUES ('17', 'ipsam', 'apparel');
INSERT INTO `dashboard_trainingmodule` (`id`, `module_name`, `category`) VALUES ('18', 'delectus', 'smile');
INSERT INTO `dashboard_trainingmodule` (`id`, `module_name`, `category`) VALUES ('19', 'perferendis', 'visitor');
INSERT INTO `dashboard_trainingmodule` (`id`, `module_name`, `category`) VALUES ('20', 'atque', 'fire');
INSERT INTO `dashboard_trainingmodule` (`id`, `module_name`, `category`) VALUES ('21', 'vitae', 'harmony');
INSERT INTO `dashboard_trainingmodule` (`id`, `module_name`, `category`) VALUES ('22', 'ab', 'trucks');
INSERT INTO `dashboard_trainingmodule` (`id`, `module_name`, `category`) VALUES ('23', 'ex', 'form');
INSERT INTO `dashboard_trainingmodule` (`id`, `module_name`, `category`) VALUES ('24', 'ut', 'fire');
INSERT INTO `dashboard_trainingmodule` (`id`, `module_name`, `category`) VALUES ('25', 'similique', 'visitor');


#
# TABLE STRUCTURE FOR: dashboard_training
#

DROP TABLE IF EXISTS `dashboard_training`;

CREATE TABLE `dashboard_training` (
  `id` bigint(20) NOT NULL AUTO_INCREMENT,
  `DateTime` datetime(6) NOT NULL,
  `longitude` double DEFAULT NULL,
  `latitude` double DEFAULT NULL,
  `number_of_participant` int(11) NOT NULL,
  `module_id_id` bigint(20) DEFAULT NULL,
  `trainer_id_id` bigint(20) DEFAULT NULL,
  PRIMARY KEY (`id`),
    KEY `module_id_id` (`module_id_id`),
  KEY `trainer_id_id` (`trainer_id_id`),
  CONSTRAINT `dashboard_training_ibfk_1` FOREIGN KEY (`trainer_id_id`) REFERENCES `dashboard_trainer` (`id`),
  CONSTRAINT `dashboard_training_ibfk_2` FOREIGN KEY (`module_id_id`) REFERENCES `dashboard_trainingmodule` (`id`)
) ENGINE=InnoDB AUTO_INCREMENT=376 DEFAULT CHARSET=utf8 COLLATE=utf8_unicode_ci;

INSERT INTO `dashboard_training` (`id`, `DateTime`, `longitude`, `latitude`, `number_of_participant`, `module_id_id`, `trainer_id_id`) VALUES ('1', '1975-07-16 18:21:15.000000', '2.244', '9.1739658247', 31, '1', '1');
INSERT INTO `dashboard_training` (`id`, `DateTime`, `longitude`, `latitude`, `number_of_participant`, `module_id_id`, `trainer_id_id`) VALUES ('2', '1970-12-10 18:33:23.000000', '2.404', '6.85481209016', 32, '2', '2');
INSERT INTO `dashboard_training` (`id`, `DateTime`, `longitude`, `latitude`, `number_of_participant`, `module_id_id`, `trainer_id_id`) VALUES ('3', '2020-06-09 18:23:56.000000', '2.564', '7.5650074344', 27, '3', '3');
INSERT INTO `dashboard_training` (`id`, `DateTime`, `longitude`, `latitude`, `number_of_participant`, `module_id_id`, `trainer_id_id`) VALUES ('4', '2003-01-07 06:27:15.000000', '2.453', '10.21125687072', 27, '4', '4');
INSERT INTO `dashboard_training` (`id`, `DateTime`, `longitude`, `latitude`, `number_of_participant`, `module_id_id`, `trainer_id_id`) VALUES ('5', '2004-01-11 19:40:27.000000', '2.25', '8.48396161977', 26, '5', '5');
INSERT INTO `dashboard_training` (`id`, `DateTime`, `longitude`, `latitude`, `number_of_participant`, `module_id_id`, `trainer_id_id`) VALUES ('6', '1989-10-11 06:38:02.000000', '1.268', '8.23582773259', 30, '6', '6');
INSERT INTO `dashboard_training` (`id`, `DateTime`, `longitude`, `latitude`, `number_of_participant`, `module_id_id`, `trainer_id_id`) VALUES ('7', '2006-02-23 03:07:14.000000', '3.187', '6.7677844606', 28, '7', '7');
INSERT INTO `dashboard_training` (`id`, `DateTime`, `longitude`, `latitude`, `number_of_participant`, `module_id_id`, `trainer_id_id`) VALUES ('8', '1984-12-30 14:48:58.000000', '3.355', '8.14160142701', 21, '8', '8');
INSERT INTO `dashboard_training` (`id`, `DateTime`, `longitude`, `latitude`, `number_of_participant`, `module_id_id`, `trainer_id_id`) VALUES ('9', '2019-09-02 22:27:36.000000', '2.701', '10.15570893425', 38, '9', '9');
INSERT INTO `dashboard_training` (`id`, `DateTime`, `longitude`, `latitude`, `number_of_participant`, `module_id_id`, `trainer_id_id`) VALUES ('10', '1982-04-01 06:23:20.000000', '3.156', '9.29358312391', 29, '10', '10');
INSERT INTO `dashboard_training` (`id`, `DateTime`, `longitude`, `latitude`, `number_of_participant`, `module_id_id`, `trainer_id_id`) VALUES ('11', '1990-01-26 20:35:42.000000', '2.169', '11.24351600303', 24, '11', '11');
INSERT INTO `dashboard_training` (`id`, `DateTime`, `longitude`, `latitude`, `number_of_participant`, `module_id_id`, `trainer_id_id`) VALUES ('12', '1991-01-04 21:42:59.000000', '2.201', '7.7166460145', 30, '12', '12');
INSERT INTO `dashboard_training` (`id`, `DateTime`, `longitude`, `latitude`, `number_of_participant`, `module_id_id`, `trainer_id_id`) VALUES ('13', '2008-12-17 17:10:07.000000', '2.208', '11.21618499112', 24, '13', '13');
INSERT INTO `dashboard_training` (`id`, `DateTime`, `longitude`, `latitude`, `number_of_participant`, `module_id_id`, `trainer_id_id`) VALUES ('14', '1971-07-04 01:14:59.000000', '2.149', '8.00850365003', 32, '14', '14');
INSERT INTO `dashboard_training` (`id`, `DateTime`, `longitude`, `latitude`, `number_of_participant`, `module_id_id`, `trainer_id_id`) VALUES ('15', '1970-03-23 08:02:53.000000', '3.038', '8.04329187367', 39, '15', '15');
INSERT INTO `dashboard_training` (`id`, `DateTime`, `longitude`, `latitude`, `number_of_participant`, `module_id_id`, `trainer_id_id`) VALUES ('16', '1995-01-19 23:41:58.000000', '3.045', '8.47044838496', 20, '16', '16');
INSERT INTO `dashboard_training` (`id`, `DateTime`, `longitude`, `latitude`, `number_of_participant`, `module_id_id`, `trainer_id_id`) VALUES ('17', '2012-04-24 03:25:47.000000', '1.748', '6.77012371188', 38, '17', '17');
INSERT INTO `dashboard_training` (`id`, `DateTime`, `longitude`, `latitude`, `number_of_participant`, `module_id_id`, `trainer_id_id`) VALUES ('18', '2002-03-11 09:01:41.000000', '2.822', '8.17994280903', 36, '18', '18');
INSERT INTO `dashboard_training` (`id`, `DateTime`, `longitude`, `latitude`, `number_of_participant`, `module_id_id`, `trainer_id_id`) VALUES ('19', '2002-04-07 15:53:28.000000', '3.117', '8.92348511431', 26, '19', '19');
INSERT INTO `dashboard_training` (`id`, `DateTime`, `longitude`, `latitude`, `number_of_participant`, `module_id_id`, `trainer_id_id`) VALUES ('20', '2014-03-11 02:12:36.000000', '3.046', '8.06935625604', 28, '20', '20');
INSERT INTO `dashboard_training` (`id`, `DateTime`, `longitude`, `latitude`, `number_of_participant`, `module_id_id`, `trainer_id_id`) VALUES ('21', '2020-01-13 14:35:45.000000', '2.307', '6.99817935949', 32, '21', '21');
INSERT INTO `dashboard_training` (`id`, `DateTime`, `longitude`, `latitude`, `number_of_participant`, `module_id_id`, `trainer_id_id`) VALUES ('22', '1984-06-27 02:44:24.000000', '2.718', '6.4828424516', 21, '22', '22');
INSERT INTO `dashboard_training` (`id`, `DateTime`, `longitude`, `latitude`, `number_of_participant`, `module_id_id`, `trainer_id_id`) VALUES ('23', '1995-07-20 10:06:28.000000', '1.582', '7.22029885202', 30, '23', '23');
INSERT INTO `dashboard_training` (`id`, `DateTime`, `longitude`, `latitude`, `number_of_participant`, `module_id_id`, `trainer_id_id`) VALUES ('24', '2012-03-06 00:21:15.000000', '2.577', '11.51265706708', 40, '24', '24');
INSERT INTO `dashboard_training` (`id`, `DateTime`, `longitude`, `latitude`, `number_of_participant`, `module_id_id`, `trainer_id_id`) VALUES ('25', '1981-02-26 18:40:39.000000', '1.415', '9.60868969971', 24, '25', '25');
INSERT INTO `dashboard_training` (`id`, `DateTime`, `longitude`, `latitude`, `number_of_participant`, `module_id_id`, `trainer_id_id`) VALUES ('26', '1970-02-05 04:09:15.000000', '1.559', '10.44023399299', 35, '1', '26');
INSERT INTO `dashboard_training` (`id`, `DateTime`, `longitude`, `latitude`, `number_of_participant`, `module_id_id`, `trainer_id_id`) VALUES ('27', '1993-02-07 14:07:04.000000', '3.294', '10.16989162091', 26, '2', '27');
INSERT INTO `dashboard_training` (`id`, `DateTime`, `longitude`, `latitude`, `number_of_participant`, `module_id_id`, `trainer_id_id`) VALUES ('28', '2016-10-07 09:10:58.000000', '1.851', '8.92723032637', 32, '3', '28');
INSERT INTO `dashboard_training` (`id`, `DateTime`, `longitude`, `latitude`, `number_of_participant`, `module_id_id`, `trainer_id_id`) VALUES ('29', '1980-02-08 12:07:42.000000', '1.37', '11.60736530617', 32, '4', '29');
INSERT INTO `dashboard_training` (`id`, `DateTime`, `longitude`, `latitude`, `number_of_participant`, `module_id_id`, `trainer_id_id`) VALUES ('30', '2000-05-20 19:24:00.000000', '3.184', '11.60965180377', 22, '5', '30');
INSERT INTO `dashboard_training` (`id`, `DateTime`, `longitude`, `latitude`, `number_of_participant`, `module_id_id`, `trainer_id_id`) VALUES ('31', '2000-01-11 07:35:39.000000', '2.896', '7.13840611696', 23, '6', '1');
INSERT INTO `dashboard_training` (`id`, `DateTime`, `longitude`, `latitude`, `number_of_participant`, `module_id_id`, `trainer_id_id`) VALUES ('32', '2013-02-23 03:57:12.000000', '2.479', '10.06065290181', 23, '7', '2');
INSERT INTO `dashboard_training` (`id`, `DateTime`, `longitude`, `latitude`, `number_of_participant`, `module_id_id`, `trainer_id_id`) VALUES ('33', '1984-06-07 11:11:17.000000', '1.803', '7.96382363259', 21, '8', '3');
INSERT INTO `dashboard_training` (`id`, `DateTime`, `longitude`, `latitude`, `number_of_participant`, `module_id_id`, `trainer_id_id`) VALUES ('34', '1986-05-18 21:02:00.000000', '2.742', '11.33634709944', 22, '9', '4');
INSERT INTO `dashboard_training` (`id`, `DateTime`, `longitude`, `latitude`, `number_of_participant`, `module_id_id`, `trainer_id_id`) VALUES ('35', '2017-12-26 14:47:46.000000', '2.423', '10.85600280252', 37, '10', '5');
INSERT INTO `dashboard_training` (`id`, `DateTime`, `longitude`, `latitude`, `number_of_participant`, `module_id_id`, `trainer_id_id`) VALUES ('36', '2005-01-05 21:42:47.000000', '2.488', '10.18747318862', 28, '11', '6');
INSERT INTO `dashboard_training` (`id`, `DateTime`, `longitude`, `latitude`, `number_of_participant`, `module_id_id`, `trainer_id_id`) VALUES ('37', '1977-11-14 21:59:57.000000', '2.835', '6.31557477282', 39, '12', '7');
INSERT INTO `dashboard_training` (`id`, `DateTime`, `longitude`, `latitude`, `number_of_participant`, `module_id_id`, `trainer_id_id`) VALUES ('38', '1995-03-14 16:49:44.000000', '2.062', '7.3781462936', 24, '13', '8');
INSERT INTO `dashboard_training` (`id`, `DateTime`, `longitude`, `latitude`, `number_of_participant`, `module_id_id`, `trainer_id_id`) VALUES ('39', '2001-01-02 00:35:28.000000', '2.074', '9.43611084369', 40, '14', '9');
INSERT INTO `dashboard_training` (`id`, `DateTime`, `longitude`, `latitude`, `number_of_participant`, `module_id_id`, `trainer_id_id`) VALUES ('40', '1996-12-17 16:47:23.000000', '1.941', '10.81361715124', 38, '15', '10');
INSERT INTO `dashboard_training` (`id`, `DateTime`, `longitude`, `latitude`, `number_of_participant`, `module_id_id`, `trainer_id_id`) VALUES ('41', '2007-01-13 11:01:45.000000', '1.353', '10.42450435944', 31, '16', '11');
INSERT INTO `dashboard_training` (`id`, `DateTime`, `longitude`, `latitude`, `number_of_participant`, `module_id_id`, `trainer_id_id`) VALUES ('42', '2020-06-05 02:47:54.000000', '3.301', '6.88532621969', 36, '17', '12');
INSERT INTO `dashboard_training` (`id`, `DateTime`, `longitude`, `latitude`, `number_of_participant`, `module_id_id`, `trainer_id_id`) VALUES ('43', '2021-07-08 11:39:55.000000', '2.706', '6.87700839493', 21, '18', '13');
INSERT INTO `dashboard_training` (`id`, `DateTime`, `longitude`, `latitude`, `number_of_participant`, `module_id_id`, `trainer_id_id`) VALUES ('44', '1989-06-28 08:42:35.000000', '3.143', '8.97849624813', 30, '19', '14');
INSERT INTO `dashboard_training` (`id`, `DateTime`, `longitude`, `latitude`, `number_of_participant`, `module_id_id`, `trainer_id_id`) VALUES ('45', '1979-11-28 15:51:08.000000', '1.445', '9.43705485459', 28, '20', '15');
INSERT INTO `dashboard_training` (`id`, `DateTime`, `longitude`, `latitude`, `number_of_participant`, `module_id_id`, `trainer_id_id`) VALUES ('46', '2000-07-25 05:26:07.000000', '1.873', '10.0476544122', 37, '21', '16');
INSERT INTO `dashboard_training` (`id`, `DateTime`, `longitude`, `latitude`, `number_of_participant`, `module_id_id`, `trainer_id_id`) VALUES ('47', '2001-09-30 03:30:45.000000', '1.966', '6.83534368199', 31, '22', '17');
INSERT INTO `dashboard_training` (`id`, `DateTime`, `longitude`, `latitude`, `number_of_participant`, `module_id_id`, `trainer_id_id`) VALUES ('48', '2009-04-04 18:23:46.000000', '2.927', '6.50439055014', 37, '23', '18');
INSERT INTO `dashboard_training` (`id`, `DateTime`, `longitude`, `latitude`, `number_of_participant`, `module_id_id`, `trainer_id_id`) VALUES ('49', '1974-10-05 20:00:30.000000', '2.102', '9.33055917594', 30, '24', '19');
INSERT INTO `dashboard_training` (`id`, `DateTime`, `longitude`, `latitude`, `number_of_participant`, `module_id_id`, `trainer_id_id`) VALUES ('50', '1995-02-11 06:00:17.000000', '2.985', '11.62315792461', 35, '25', '20');
INSERT INTO `dashboard_training` (`id`, `DateTime`, `longitude`, `latitude`, `number_of_participant`, `module_id_id`, `trainer_id_id`) VALUES ('51', '1990-08-15 22:35:48.000000', '2.683', '10.39217977742', 27, '1', '21');
INSERT INTO `dashboard_training` (`id`, `DateTime`, `longitude`, `latitude`, `number_of_participant`, `module_id_id`, `trainer_id_id`) VALUES ('52', '1971-06-28 04:42:26.000000', '2.427', '7.26920481549', 23, '2', '22');
INSERT INTO `dashboard_training` (`id`, `DateTime`, `longitude`, `latitude`, `number_of_participant`, `module_id_id`, `trainer_id_id`) VALUES ('53', '2000-03-13 15:02:24.000000', '1.757', '9.76999806008', 39, '3', '23');
INSERT INTO `dashboard_training` (`id`, `DateTime`, `longitude`, `latitude`, `number_of_participant`, `module_id_id`, `trainer_id_id`) VALUES ('54', '2013-04-05 02:16:55.000000', '2.225', '9.25766860894', 30, '4', '24');
INSERT INTO `dashboard_training` (`id`, `DateTime`, `longitude`, `latitude`, `number_of_participant`, `module_id_id`, `trainer_id_id`) VALUES ('55', '2002-05-11 10:11:04.000000', '3.205', '6.92289499473', 24, '5', '25');
INSERT INTO `dashboard_training` (`id`, `DateTime`, `longitude`, `latitude`, `number_of_participant`, `module_id_id`, `trainer_id_id`) VALUES ('56', '1977-09-01 10:11:01.000000', '2.909', '8.41523646243', 40, '6', '26');
INSERT INTO `dashboard_training` (`id`, `DateTime`, `longitude`, `latitude`, `number_of_participant`, `module_id_id`, `trainer_id_id`) VALUES ('57', '2004-01-31 21:21:19.000000', '2.708', '11.51106273451', 32, '7', '27');
INSERT INTO `dashboard_training` (`id`, `DateTime`, `longitude`, `latitude`, `number_of_participant`, `module_id_id`, `trainer_id_id`) VALUES ('58', '2007-06-08 19:10:57.000000', '2.259', '10.00762017932', 21, '8', '28');
INSERT INTO `dashboard_training` (`id`, `DateTime`, `longitude`, `latitude`, `number_of_participant`, `module_id_id`, `trainer_id_id`) VALUES ('59', '1977-07-27 08:54:08.000000', '2.91', '7.32388719766', 23, '9', '29');
INSERT INTO `dashboard_training` (`id`, `DateTime`, `longitude`, `latitude`, `number_of_participant`, `module_id_id`, `trainer_id_id`) VALUES ('60', '2012-04-21 02:22:16.000000', '2.807', '10.03290815575', 34, '10', '30');
INSERT INTO `dashboard_training` (`id`, `DateTime`, `longitude`, `latitude`, `number_of_participant`, `module_id_id`, `trainer_id_id`) VALUES ('61', '1991-07-04 05:47:13.000000', '2.713', '9.50746679224', 31, '11', '1');
INSERT INTO `dashboard_training` (`id`, `DateTime`, `longitude`, `latitude`, `number_of_participant`, `module_id_id`, `trainer_id_id`) VALUES ('62', '2003-08-18 14:56:23.000000', '1.344', '8.29982686898', 26, '12', '2');
INSERT INTO `dashboard_training` (`id`, `DateTime`, `longitude`, `latitude`, `number_of_participant`, `module_id_id`, `trainer_id_id`) VALUES ('63', '1998-08-01 05:08:10.000000', '2.42', '10.77409646401', 24, '13', '3');
INSERT INTO `dashboard_training` (`id`, `DateTime`, `longitude`, `latitude`, `number_of_participant`, `module_id_id`, `trainer_id_id`) VALUES ('64', '1970-11-03 13:52:37.000000', '1.838', '8.74944261298', 28, '14', '4');
INSERT INTO `dashboard_training` (`id`, `DateTime`, `longitude`, `latitude`, `number_of_participant`, `module_id_id`, `trainer_id_id`) VALUES ('65', '1999-10-31 22:23:13.000000', '2.628', '6.64961182225', 35, '15', '5');
INSERT INTO `dashboard_training` (`id`, `DateTime`, `longitude`, `latitude`, `number_of_participant`, `module_id_id`, `trainer_id_id`) VALUES ('66', '1975-03-12 00:32:06.000000', '3.364', '11.06036758786', 23, '16', '6');
INSERT INTO `dashboard_training` (`id`, `DateTime`, `longitude`, `latitude`, `number_of_participant`, `module_id_id`, `trainer_id_id`) VALUES ('67', '2013-03-31 19:13:06.000000', '2.391', '10.06273583953', 20, '17', '7');
INSERT INTO `dashboard_training` (`id`, `DateTime`, `longitude`, `latitude`, `number_of_participant`, `module_id_id`, `trainer_id_id`) VALUES ('68', '2007-03-25 00:50:41.000000', '1.856', '8.17495946753', 34, '18', '8');
INSERT INTO `dashboard_training` (`id`, `DateTime`, `longitude`, `latitude`, `number_of_participant`, `module_id_id`, `trainer_id_id`) VALUES ('69', '1970-10-23 20:40:58.000000', '1.719', '7.16034627469', 35, '19', '9');
INSERT INTO `dashboard_training` (`id`, `DateTime`, `longitude`, `latitude`, `number_of_participant`, `module_id_id`, `trainer_id_id`) VALUES ('70', '2012-11-17 16:29:30.000000', '2.155', '10.76882371365', 30, '20', '10');
INSERT INTO `dashboard_training` (`id`, `DateTime`, `longitude`, `latitude`, `number_of_participant`, `module_id_id`, `trainer_id_id`) VALUES ('71', '2015-02-21 19:55:46.000000', '2.524', '6.48166343', 25, '21', '11');
INSERT INTO `dashboard_training` (`id`, `DateTime`, `longitude`, `latitude`, `number_of_participant`, `module_id_id`, `trainer_id_id`) VALUES ('72', '1995-10-03 20:12:54.000000', '3.117', '6.90639444553', 28, '22', '12');
INSERT INTO `dashboard_training` (`id`, `DateTime`, `longitude`, `latitude`, `number_of_participant`, `module_id_id`, `trainer_id_id`) VALUES ('73', '1976-09-13 10:28:04.000000', '3.181', '8.52805142516', 35, '23', '13');
INSERT INTO `dashboard_training` (`id`, `DateTime`, `longitude`, `latitude`, `number_of_participant`, `module_id_id`, `trainer_id_id`) VALUES ('74', '2016-04-26 00:49:52.000000', '2.85', '9.11357907683', 34, '24', '14');
INSERT INTO `dashboard_training` (`id`, `DateTime`, `longitude`, `latitude`, `number_of_participant`, `module_id_id`, `trainer_id_id`) VALUES ('75', '2017-06-28 22:34:44.000000', '3.18', '9.84083872742', 24, '25', '15');
INSERT INTO `dashboard_training` (`id`, `DateTime`, `longitude`, `latitude`, `number_of_participant`, `module_id_id`, `trainer_id_id`) VALUES ('76', '1999-03-04 09:42:43.000000', '2.241', '9.31247221476', 39, '1', '16');
INSERT INTO `dashboard_training` (`id`, `DateTime`, `longitude`, `latitude`, `number_of_participant`, `module_id_id`, `trainer_id_id`) VALUES ('77', '1998-06-05 05:41:07.000000', '2.22', '11.22400510621', 35, '2', '17');
INSERT INTO `dashboard_training` (`id`, `DateTime`, `longitude`, `latitude`, `number_of_participant`, `module_id_id`, `trainer_id_id`) VALUES ('78', '2000-06-11 00:52:52.000000', '2.505', '10.14888984847', 24, '3', '18');
INSERT INTO `dashboard_training` (`id`, `DateTime`, `longitude`, `latitude`, `number_of_participant`, `module_id_id`, `trainer_id_id`) VALUES ('79', '1989-11-07 13:51:21.000000', '2.251', '8.16499303692', 31, '4', '19');
INSERT INTO `dashboard_training` (`id`, `DateTime`, `longitude`, `latitude`, `number_of_participant`, `module_id_id`, `trainer_id_id`) VALUES ('80', '1987-09-20 22:51:23.000000', '2.55', '10.98120892923', 29, '5', '20');
INSERT INTO `dashboard_training` (`id`, `DateTime`, `longitude`, `latitude`, `number_of_participant`, `module_id_id`, `trainer_id_id`) VALUES ('81', '1989-10-16 10:10:03.000000', '1.447', '7.93839861733', 28, '6', '21');
INSERT INTO `dashboard_training` (`id`, `DateTime`, `longitude`, `latitude`, `number_of_participant`, `module_id_id`, `trainer_id_id`) VALUES ('82', '1993-05-12 08:47:49.000000', '2.064', '8.84365379292', 22, '7', '22');
INSERT INTO `dashboard_training` (`id`, `DateTime`, `longitude`, `latitude`, `number_of_participant`, `module_id_id`, `trainer_id_id`) VALUES ('83', '2005-03-19 08:38:26.000000', '3.292', '8.25857900743', 25, '8', '23');
INSERT INTO `dashboard_training` (`id`, `DateTime`, `longitude`, `latitude`, `number_of_participant`, `module_id_id`, `trainer_id_id`) VALUES ('84', '2017-11-15 03:37:43.000000', '1.477', '7.53832215938', 36, '9', '24');
INSERT INTO `dashboard_training` (`id`, `DateTime`, `longitude`, `latitude`, `number_of_participant`, `module_id_id`, `trainer_id_id`) VALUES ('85', '2015-06-08 16:45:14.000000', '3.329', '9.03677481333', 38, '10', '25');
INSERT INTO `dashboard_training` (`id`, `DateTime`, `longitude`, `latitude`, `number_of_participant`, `module_id_id`, `trainer_id_id`) VALUES ('86', '2020-07-12 12:39:37.000000', '1.525', '8.46099526062', 35, '11', '26');
INSERT INTO `dashboard_training` (`id`, `DateTime`, `longitude`, `latitude`, `number_of_participant`, `module_id_id`, `trainer_id_id`) VALUES ('87', '1971-04-04 08:06:15.000000', '2.95', '10.64138689', 33, '12', '27');
INSERT INTO `dashboard_training` (`id`, `DateTime`, `longitude`, `latitude`, `number_of_participant`, `module_id_id`, `trainer_id_id`) VALUES ('88', '1974-02-25 10:50:18.000000', '3.325', '11.22254409416', 23, '13', '28');
INSERT INTO `dashboard_training` (`id`, `DateTime`, `longitude`, `latitude`, `number_of_participant`, `module_id_id`, `trainer_id_id`) VALUES ('89', '2013-02-12 16:27:14.000000', '1.927', '9.21439858543', 39, '14', '29');
INSERT INTO `dashboard_training` (`id`, `DateTime`, `longitude`, `latitude`, `number_of_participant`, `module_id_id`, `trainer_id_id`) VALUES ('90', '1970-05-12 22:21:50.000000', '1.453', '6.80393378591', 35, '15', '30');
INSERT INTO `dashboard_training` (`id`, `DateTime`, `longitude`, `latitude`, `number_of_participant`, `module_id_id`, `trainer_id_id`) VALUES ('91', '2006-07-08 18:53:05.000000', '1.803', '6.30805460743', 36, '16', '1');
INSERT INTO `dashboard_training` (`id`, `DateTime`, `longitude`, `latitude`, `number_of_participant`, `module_id_id`, `trainer_id_id`) VALUES ('92', '1981-05-26 22:03:20.000000', '3.35', '9.87660622995', 23, '17', '2');
INSERT INTO `dashboard_training` (`id`, `DateTime`, `longitude`, `latitude`, `number_of_participant`, `module_id_id`, `trainer_id_id`) VALUES ('93', '2000-09-03 08:05:30.000000', '2.736', '10.86165750837', 22, '18', '3');
INSERT INTO `dashboard_training` (`id`, `DateTime`, `longitude`, `latitude`, `number_of_participant`, `module_id_id`, `trainer_id_id`) VALUES ('94', '1995-09-06 13:48:58.000000', '2.891', '9.75641536652', 35, '19', '4');
INSERT INTO `dashboard_training` (`id`, `DateTime`, `longitude`, `latitude`, `number_of_participant`, `module_id_id`, `trainer_id_id`) VALUES ('95', '1980-01-09 16:55:46.000000', '2.221', '7.11562604018', 35, '20', '5');
INSERT INTO `dashboard_training` (`id`, `DateTime`, `longitude`, `latitude`, `number_of_participant`, `module_id_id`, `trainer_id_id`) VALUES ('96', '1972-02-19 21:31:02.000000', '1.534', '11.3718182743', 25, '21', '6');
INSERT INTO `dashboard_training` (`id`, `DateTime`, `longitude`, `latitude`, `number_of_participant`, `module_id_id`, `trainer_id_id`) VALUES ('97', '1995-10-17 12:31:38.000000', '3.19', '7.91885684735', 26, '22', '7');
INSERT INTO `dashboard_training` (`id`, `DateTime`, `longitude`, `latitude`, `number_of_participant`, `module_id_id`, `trainer_id_id`) VALUES ('98', '2009-11-06 19:54:37.000000', '3.113', '9.87331358483', 31, '23', '8');
INSERT INTO `dashboard_training` (`id`, `DateTime`, `longitude`, `latitude`, `number_of_participant`, `module_id_id`, `trainer_id_id`) VALUES ('99', '2020-01-08 05:20:51.000000', '1.354', '8.14902923573', 23, '24', '9');
INSERT INTO `dashboard_training` (`id`, `DateTime`, `longitude`, `latitude`, `number_of_participant`, `module_id_id`, `trainer_id_id`) VALUES ('100', '2014-06-06 09:44:16.000000', '2.831', '9.91875715416', 29, '25', '10');
INSERT INTO `dashboard_training` (`id`, `DateTime`, `longitude`, `latitude`, `number_of_participant`, `module_id_id`, `trainer_id_id`) VALUES ('101', '1986-01-11 00:17:22.000000', '3.103', '7.38427195497', 22, '1', '11');
INSERT INTO `dashboard_training` (`id`, `DateTime`, `longitude`, `latitude`, `number_of_participant`, `module_id_id`, `trainer_id_id`) VALUES ('102', '1984-02-13 19:32:11.000000', '2.99', '9.83701762958', 24, '2', '12');
INSERT INTO `dashboard_training` (`id`, `DateTime`, `longitude`, `latitude`, `number_of_participant`, `module_id_id`, `trainer_id_id`) VALUES ('103', '2019-04-15 02:17:33.000000', '1.428', '7.39639344653', 34, '3', '13');
INSERT INTO `dashboard_training` (`id`, `DateTime`, `longitude`, `latitude`, `number_of_participant`, `module_id_id`, `trainer_id_id`) VALUES ('104', '2003-12-28 21:24:49.000000', '3.102', '10.11183714566', 40, '4', '14');
INSERT INTO `dashboard_training` (`id`, `DateTime`, `longitude`, `latitude`, `number_of_participant`, `module_id_id`, `trainer_id_id`) VALUES ('105', '1993-01-22 23:43:10.000000', '1.643', '11.18006087173', 36, '5', '15');
INSERT INTO `dashboard_training` (`id`, `DateTime`, `longitude`, `latitude`, `number_of_participant`, `module_id_id`, `trainer_id_id`) VALUES ('106', '2001-01-27 20:57:58.000000', '3.218', '9.22950321251', 30, '6', '16');
INSERT INTO `dashboard_training` (`id`, `DateTime`, `longitude`, `latitude`, `number_of_participant`, `module_id_id`, `trainer_id_id`) VALUES ('107', '1972-05-18 19:43:22.000000', '2.413', '9.88674928156', 21, '7', '17');
INSERT INTO `dashboard_training` (`id`, `DateTime`, `longitude`, `latitude`, `number_of_participant`, `module_id_id`, `trainer_id_id`) VALUES ('108', '1975-09-23 06:38:09.000000', '2.194', '9.30659800895', 40, '8', '18');
INSERT INTO `dashboard_training` (`id`, `DateTime`, `longitude`, `latitude`, `number_of_participant`, `module_id_id`, `trainer_id_id`) VALUES ('109', '2011-03-03 19:53:18.000000', '2.462', '7.78299895796', 29, '9', '19');
INSERT INTO `dashboard_training` (`id`, `DateTime`, `longitude`, `latitude`, `number_of_participant`, `module_id_id`, `trainer_id_id`) VALUES ('110', '2002-01-05 17:12:51.000000', '3.372', '6.49215439206', 35, '10', '20');
INSERT INTO `dashboard_training` (`id`, `DateTime`, `longitude`, `latitude`, `number_of_participant`, `module_id_id`, `trainer_id_id`) VALUES ('111', '2008-09-02 01:56:55.000000', '2.77', '8.57023123978', 29, '11', '21');
INSERT INTO `dashboard_training` (`id`, `DateTime`, `longitude`, `latitude`, `number_of_participant`, `module_id_id`, `trainer_id_id`) VALUES ('112', '2013-02-09 03:43:44.000000', '3.069', '8.15194564984', 33, '12', '22');
INSERT INTO `dashboard_training` (`id`, `DateTime`, `longitude`, `latitude`, `number_of_participant`, `module_id_id`, `trainer_id_id`) VALUES ('113', '2013-07-06 08:15:30.000000', '2.698', '10.58952203417', 24, '13', '23');
INSERT INTO `dashboard_training` (`id`, `DateTime`, `longitude`, `latitude`, `number_of_participant`, `module_id_id`, `trainer_id_id`) VALUES ('114', '2001-10-21 12:36:32.000000', '1.55', '11.50010178748', 37, '14', '24');
INSERT INTO `dashboard_training` (`id`, `DateTime`, `longitude`, `latitude`, `number_of_participant`, `module_id_id`, `trainer_id_id`) VALUES ('115', '2000-03-28 16:07:32.000000', '2.961', '10.44215107953', 23, '15', '25');
INSERT INTO `dashboard_training` (`id`, `DateTime`, `longitude`, `latitude`, `number_of_participant`, `module_id_id`, `trainer_id_id`) VALUES ('116', '1983-02-27 20:32:22.000000', '2.242', '11.32556452981', 26, '16', '26');
INSERT INTO `dashboard_training` (`id`, `DateTime`, `longitude`, `latitude`, `number_of_participant`, `module_id_id`, `trainer_id_id`) VALUES ('117', '2016-05-28 14:54:34.000000', '2.486', '7.52238324406', 29, '17', '27');
INSERT INTO `dashboard_training` (`id`, `DateTime`, `longitude`, `latitude`, `number_of_participant`, `module_id_id`, `trainer_id_id`) VALUES ('118', '1974-06-18 06:55:38.000000', '2.085', '8.94007699498', 38, '18', '28');
INSERT INTO `dashboard_training` (`id`, `DateTime`, `longitude`, `latitude`, `number_of_participant`, `module_id_id`, `trainer_id_id`) VALUES ('119', '2021-09-05 18:34:26.000000', '2.458', '10.16937817934', 23, '19', '29');
INSERT INTO `dashboard_training` (`id`, `DateTime`, `longitude`, `latitude`, `number_of_participant`, `module_id_id`, `trainer_id_id`) VALUES ('120', '2012-09-22 12:44:37.000000', '3.36', '11.73811158149', 35, '20', '30');
INSERT INTO `dashboard_training` (`id`, `DateTime`, `longitude`, `latitude`, `number_of_participant`, `module_id_id`, `trainer_id_id`) VALUES ('121', '1973-05-04 05:39:44.000000', '3.173', '11.15721270747', 25, '21', '1');
INSERT INTO `dashboard_training` (`id`, `DateTime`, `longitude`, `latitude`, `number_of_participant`, `module_id_id`, `trainer_id_id`) VALUES ('122', '1978-03-15 03:05:02.000000', '2.636', '7.7627662225', 23, '22', '2');
INSERT INTO `dashboard_training` (`id`, `DateTime`, `longitude`, `latitude`, `number_of_participant`, `module_id_id`, `trainer_id_id`) VALUES ('123', '1993-12-28 11:09:17.000000', '3.029', '7.32898528895', 27, '23', '3');
INSERT INTO `dashboard_training` (`id`, `DateTime`, `longitude`, `latitude`, `number_of_participant`, `module_id_id`, `trainer_id_id`) VALUES ('124', '2007-06-17 21:56:45.000000', '2.305', '8.29720058709', 37, '24', '4');
INSERT INTO `dashboard_training` (`id`, `DateTime`, `longitude`, `latitude`, `number_of_participant`, `module_id_id`, `trainer_id_id`) VALUES ('125', '1984-05-29 03:40:23.000000', '2.665', '11.52807717543', 27, '25', '5');
INSERT INTO `dashboard_training` (`id`, `DateTime`, `longitude`, `latitude`, `number_of_participant`, `module_id_id`, `trainer_id_id`) VALUES ('126', '1996-07-09 22:58:36.000000', '2.278', '6.69676081548', 33, '1', '6');
INSERT INTO `dashboard_training` (`id`, `DateTime`, `longitude`, `latitude`, `number_of_participant`, `module_id_id`, `trainer_id_id`) VALUES ('127', '1975-10-04 16:27:45.000000', '1.837', '11.05271865812', 39, '2', '7');
INSERT INTO `dashboard_training` (`id`, `DateTime`, `longitude`, `latitude`, `number_of_participant`, `module_id_id`, `trainer_id_id`) VALUES ('128', '1977-04-03 15:40:22.000000', '1.29', '7.01478478896', 36, '3', '8');
INSERT INTO `dashboard_training` (`id`, `DateTime`, `longitude`, `latitude`, `number_of_participant`, `module_id_id`, `trainer_id_id`) VALUES ('129', '1987-10-16 00:00:17.000000', '2.369', '6.92563923992', 36, '4', '9');
INSERT INTO `dashboard_training` (`id`, `DateTime`, `longitude`, `latitude`, `number_of_participant`, `module_id_id`, `trainer_id_id`) VALUES ('130', '2020-11-07 21:05:26.000000', '2.487', '11.43311883383', 37, '5', '10');
INSERT INTO `dashboard_training` (`id`, `DateTime`, `longitude`, `latitude`, `number_of_participant`, `module_id_id`, `trainer_id_id`) VALUES ('131', '1982-03-11 19:06:55.000000', '2.264', '9.07866337944', 26, '6', '11');
INSERT INTO `dashboard_training` (`id`, `DateTime`, `longitude`, `latitude`, `number_of_participant`, `module_id_id`, `trainer_id_id`) VALUES ('132', '2009-09-25 08:31:36.000000', '1.487', '10.05853232825', 35, '7', '12');
INSERT INTO `dashboard_training` (`id`, `DateTime`, `longitude`, `latitude`, `number_of_participant`, `module_id_id`, `trainer_id_id`) VALUES ('133', '2006-08-15 20:59:53.000000', '1.744', '11.5898421828', 22, '8', '13');
INSERT INTO `dashboard_training` (`id`, `DateTime`, `longitude`, `latitude`, `number_of_participant`, `module_id_id`, `trainer_id_id`) VALUES ('134', '2013-04-30 09:23:38.000000', '3.016', '10.57518305362', 38, '9', '14');
INSERT INTO `dashboard_training` (`id`, `DateTime`, `longitude`, `latitude`, `number_of_participant`, `module_id_id`, `trainer_id_id`) VALUES ('135', '2011-08-21 17:07:35.000000', '3.099', '11.21567782305', 29, '10', '15');
INSERT INTO `dashboard_training` (`id`, `DateTime`, `longitude`, `latitude`, `number_of_participant`, `module_id_id`, `trainer_id_id`) VALUES ('136', '2021-09-19 12:04:13.000000', '2.959', '6.4750008671', 31, '11', '16');
INSERT INTO `dashboard_training` (`id`, `DateTime`, `longitude`, `latitude`, `number_of_participant`, `module_id_id`, `trainer_id_id`) VALUES ('137', '2005-04-06 20:40:58.000000', '2.409', '8.12310078112', 31, '12', '17');
INSERT INTO `dashboard_training` (`id`, `DateTime`, `longitude`, `latitude`, `number_of_participant`, `module_id_id`, `trainer_id_id`) VALUES ('138', '1981-09-14 05:23:21.000000', '3.024', '9.25530432607', 39, '13', '18');
INSERT INTO `dashboard_training` (`id`, `DateTime`, `longitude`, `latitude`, `number_of_participant`, `module_id_id`, `trainer_id_id`) VALUES ('139', '2008-02-24 16:43:12.000000', '3.12', '8.76423728813', 25, '14', '19');
INSERT INTO `dashboard_training` (`id`, `DateTime`, `longitude`, `latitude`, `number_of_participant`, `module_id_id`, `trainer_id_id`) VALUES ('140', '2006-01-18 14:02:34.000000', '2.161', '7.60775525268', 28, '15', '20');
INSERT INTO `dashboard_training` (`id`, `DateTime`, `longitude`, `latitude`, `number_of_participant`, `module_id_id`, `trainer_id_id`) VALUES ('141', '1995-04-14 00:16:06.000000', '3.118', '6.61624396946', 39, '16', '21');
INSERT INTO `dashboard_training` (`id`, `DateTime`, `longitude`, `latitude`, `number_of_participant`, `module_id_id`, `trainer_id_id`) VALUES ('142', '2013-08-10 01:47:05.000000', '2.069', '10.20483820707', 34, '17', '22');
INSERT INTO `dashboard_training` (`id`, `DateTime`, `longitude`, `latitude`, `number_of_participant`, `module_id_id`, `trainer_id_id`) VALUES ('143', '1981-02-17 22:19:21.000000', '1.826', '6.83497208', 34, '18', '23');
INSERT INTO `dashboard_training` (`id`, `DateTime`, `longitude`, `latitude`, `number_of_participant`, `module_id_id`, `trainer_id_id`) VALUES ('144', '2018-01-16 11:03:36.000000', '1.82', '9.16801028184', 31, '19', '24');
INSERT INTO `dashboard_training` (`id`, `DateTime`, `longitude`, `latitude`, `number_of_participant`, `module_id_id`, `trainer_id_id`) VALUES ('145', '1973-07-20 23:05:01.000000', '3.14', '7.46467438946', 26, '20', '25');
INSERT INTO `dashboard_training` (`id`, `DateTime`, `longitude`, `latitude`, `number_of_participant`, `module_id_id`, `trainer_id_id`) VALUES ('146', '2009-05-24 06:58:44.000000', '1.787', '7.18767444518', 36, '21', '26');
INSERT INTO `dashboard_training` (`id`, `DateTime`, `longitude`, `latitude`, `number_of_participant`, `module_id_id`, `trainer_id_id`) VALUES ('147', '1990-09-25 00:39:56.000000', '1.313', '10.8373918303', 38, '22', '27');
INSERT INTO `dashboard_training` (`id`, `DateTime`, `longitude`, `latitude`, `number_of_participant`, `module_id_id`, `trainer_id_id`) VALUES ('148', '1994-03-27 23:05:16.000000', '3.1', '6.32932357516', 37, '23', '28');
INSERT INTO `dashboard_training` (`id`, `DateTime`, `longitude`, `latitude`, `number_of_participant`, `module_id_id`, `trainer_id_id`) VALUES ('149', '1989-04-12 16:45:59.000000', '1.339', '10.21403562672', 35, '24', '29');
INSERT INTO `dashboard_training` (`id`, `DateTime`, `longitude`, `latitude`, `number_of_participant`, `module_id_id`, `trainer_id_id`) VALUES ('150', '2019-12-20 13:43:37.000000', '2.536', '7.36158380813', 35, '25', '30');
INSERT INTO `dashboard_training` (`id`, `DateTime`, `longitude`, `latitude`, `number_of_participant`, `module_id_id`, `trainer_id_id`) VALUES ('151', '1985-12-20 02:41:03.000000', '1.865', '9.72086645324', 30, '1', '1');
INSERT INTO `dashboard_training` (`id`, `DateTime`, `longitude`, `latitude`, `number_of_participant`, `module_id_id`, `trainer_id_id`) VALUES ('152', '1995-10-03 03:07:16.000000', '3.12', '10.37250639385', 29, '2', '2');
INSERT INTO `dashboard_training` (`id`, `DateTime`, `longitude`, `latitude`, `number_of_participant`, `module_id_id`, `trainer_id_id`) VALUES ('153', '1981-04-15 23:55:58.000000', '3.313', '10.52829028288', 20, '3', '3');
INSERT INTO `dashboard_training` (`id`, `DateTime`, `longitude`, `latitude`, `number_of_participant`, `module_id_id`, `trainer_id_id`) VALUES ('154', '1988-09-06 02:07:27.000000', '1.921', '6.8395531129', 28, '4', '4');
INSERT INTO `dashboard_training` (`id`, `DateTime`, `longitude`, `latitude`, `number_of_participant`, `module_id_id`, `trainer_id_id`) VALUES ('155', '1978-08-18 12:26:32.000000', '2.635', '10.14166648694', 22, '5', '5');
INSERT INTO `dashboard_training` (`id`, `DateTime`, `longitude`, `latitude`, `number_of_participant`, `module_id_id`, `trainer_id_id`) VALUES ('156', '1976-03-21 09:46:07.000000', '1.774', '8.8285837495', 21, '6', '6');
INSERT INTO `dashboard_training` (`id`, `DateTime`, `longitude`, `latitude`, `number_of_participant`, `module_id_id`, `trainer_id_id`) VALUES ('157', '2005-09-03 23:04:15.000000', '3.249', '7.028193781', 29, '7', '7');
INSERT INTO `dashboard_training` (`id`, `DateTime`, `longitude`, `latitude`, `number_of_participant`, `module_id_id`, `trainer_id_id`) VALUES ('158', '1989-03-17 12:48:02.000000', '1.788', '10.66360121127', 36, '8', '8');
INSERT INTO `dashboard_training` (`id`, `DateTime`, `longitude`, `latitude`, `number_of_participant`, `module_id_id`, `trainer_id_id`) VALUES ('159', '1993-03-26 20:19:36.000000', '1.452', '7.47170931154', 39, '9', '9');
INSERT INTO `dashboard_training` (`id`, `DateTime`, `longitude`, `latitude`, `number_of_participant`, `module_id_id`, `trainer_id_id`) VALUES ('160', '1978-06-19 23:27:11.000000', '2.397', '9.82137845581', 34, '10', '10');
INSERT INTO `dashboard_training` (`id`, `DateTime`, `longitude`, `latitude`, `number_of_participant`, `module_id_id`, `trainer_id_id`) VALUES ('161', '1992-01-28 11:52:14.000000', '2.177', '10.12293402825', 40, '11', '11');
INSERT INTO `dashboard_training` (`id`, `DateTime`, `longitude`, `latitude`, `number_of_participant`, `module_id_id`, `trainer_id_id`) VALUES ('162', '1975-07-16 13:27:04.000000', '2.945', '8.62485468322', 34, '12', '12');
INSERT INTO `dashboard_training` (`id`, `DateTime`, `longitude`, `latitude`, `number_of_participant`, `module_id_id`, `trainer_id_id`) VALUES ('163', '1973-07-16 21:10:57.000000', '1.339', '9.45884819503', 37, '13', '13');
INSERT INTO `dashboard_training` (`id`, `DateTime`, `longitude`, `latitude`, `number_of_participant`, `module_id_id`, `trainer_id_id`) VALUES ('164', '1999-10-24 04:42:08.000000', '1.627', '8.99738504235', 24, '14', '14');
INSERT INTO `dashboard_training` (`id`, `DateTime`, `longitude`, `latitude`, `number_of_participant`, `module_id_id`, `trainer_id_id`) VALUES ('165', '2020-09-08 01:18:27.000000', '2.953', '6.68956621165', 37, '15', '15');
INSERT INTO `dashboard_training` (`id`, `DateTime`, `longitude`, `latitude`, `number_of_participant`, `module_id_id`, `trainer_id_id`) VALUES ('166', '2006-08-21 06:26:19.000000', '2.851', '9.93686370346', 37, '16', '16');
INSERT INTO `dashboard_training` (`id`, `DateTime`, `longitude`, `latitude`, `number_of_participant`, `module_id_id`, `trainer_id_id`) VALUES ('167', '1991-07-06 20:18:06.000000', '3.29', '10.39321392545', 38, '17', '17');
INSERT INTO `dashboard_training` (`id`, `DateTime`, `longitude`, `latitude`, `number_of_participant`, `module_id_id`, `trainer_id_id`) VALUES ('168', '1976-05-30 18:32:56.000000', '1.743', '8.16212852562', 35, '18', '18');
INSERT INTO `dashboard_training` (`id`, `DateTime`, `longitude`, `latitude`, `number_of_participant`, `module_id_id`, `trainer_id_id`) VALUES ('169', '2012-01-04 19:00:07.000000', '1.445', '10.75147662843', 35, '19', '19');
INSERT INTO `dashboard_training` (`id`, `DateTime`, `longitude`, `latitude`, `number_of_participant`, `module_id_id`, `trainer_id_id`) VALUES ('170', '2006-06-08 03:50:05.000000', '2.436', '8.67187981173', 26, '20', '20');
INSERT INTO `dashboard_training` (`id`, `DateTime`, `longitude`, `latitude`, `number_of_participant`, `module_id_id`, `trainer_id_id`) VALUES ('171', '2006-07-29 21:58:56.000000', '2.35', '10.15585704996', 23, '21', '21');
INSERT INTO `dashboard_training` (`id`, `DateTime`, `longitude`, `latitude`, `number_of_participant`, `module_id_id`, `trainer_id_id`) VALUES ('172', '2012-09-17 16:58:24.000000', '1.532', '6.63694634122', 32, '22', '22');
INSERT INTO `dashboard_training` (`id`, `DateTime`, `longitude`, `latitude`, `number_of_participant`, `module_id_id`, `trainer_id_id`) VALUES ('173', '2008-09-25 09:44:20.000000', '2.217', '7.81327353104', 26, '23', '23');
INSERT INTO `dashboard_training` (`id`, `DateTime`, `longitude`, `latitude`, `number_of_participant`, `module_id_id`, `trainer_id_id`) VALUES ('174', '1986-05-03 19:40:00.000000', '3.158', '7.69599600352', 35, '24', '24');
INSERT INTO `dashboard_training` (`id`, `DateTime`, `longitude`, `latitude`, `number_of_participant`, `module_id_id`, `trainer_id_id`) VALUES ('175', '1994-07-20 06:08:17.000000', '1.981', '10.38609175449', 28, '25', '25');
INSERT INTO `dashboard_training` (`id`, `DateTime`, `longitude`, `latitude`, `number_of_participant`, `module_id_id`, `trainer_id_id`) VALUES ('176', '2005-02-04 09:40:45.000000', '1.864', '10.32409212933', 24, '1', '26');
INSERT INTO `dashboard_training` (`id`, `DateTime`, `longitude`, `latitude`, `number_of_participant`, `module_id_id`, `trainer_id_id`) VALUES ('177', '1982-03-13 22:59:40.000000', '1.85', '6.63473628103', 39, '2', '27');
INSERT INTO `dashboard_training` (`id`, `DateTime`, `longitude`, `latitude`, `number_of_participant`, `module_id_id`, `trainer_id_id`) VALUES ('178', '1993-11-04 01:30:54.000000', '1.753', '10.72856103761', 28, '3', '28');
INSERT INTO `dashboard_training` (`id`, `DateTime`, `longitude`, `latitude`, `number_of_participant`, `module_id_id`, `trainer_id_id`) VALUES ('179', '1973-05-02 00:25:12.000000', '2.858', '9.63274396755', 27, '4', '29');
INSERT INTO `dashboard_training` (`id`, `DateTime`, `longitude`, `latitude`, `number_of_participant`, `module_id_id`, `trainer_id_id`) VALUES ('180', '1991-11-03 14:25:45.000000', '2.856', '9.2604132028', 39, '5', '30');
INSERT INTO `dashboard_training` (`id`, `DateTime`, `longitude`, `latitude`, `number_of_participant`, `module_id_id`, `trainer_id_id`) VALUES ('181', '2014-06-26 06:10:49.000000', '2.294', '9.9656973522', 24, '6', '1');
INSERT INTO `dashboard_training` (`id`, `DateTime`, `longitude`, `latitude`, `number_of_participant`, `module_id_id`, `trainer_id_id`) VALUES ('182', '1981-07-17 09:57:02.000000', '2.367', '7.09534243491', 34, '7', '2');
INSERT INTO `dashboard_training` (`id`, `DateTime`, `longitude`, `latitude`, `number_of_participant`, `module_id_id`, `trainer_id_id`) VALUES ('183', '1985-01-14 12:34:47.000000', '2.59', '10.4415850404', 32, '8', '3');
INSERT INTO `dashboard_training` (`id`, `DateTime`, `longitude`, `latitude`, `number_of_participant`, `module_id_id`, `trainer_id_id`) VALUES ('184', '1972-08-04 00:53:45.000000', '2.328', '6.94639163322', 20, '9', '4');
INSERT INTO `dashboard_training` (`id`, `DateTime`, `longitude`, `latitude`, `number_of_participant`, `module_id_id`, `trainer_id_id`) VALUES ('185', '1979-04-21 07:42:35.000000', '3.303', '10.49182502095', 31, '10', '5');
INSERT INTO `dashboard_training` (`id`, `DateTime`, `longitude`, `latitude`, `number_of_participant`, `module_id_id`, `trainer_id_id`) VALUES ('186', '1970-01-14 22:32:45.000000', '1.45', '6.36845027248', 35, '11', '6');
INSERT INTO `dashboard_training` (`id`, `DateTime`, `longitude`, `latitude`, `number_of_participant`, `module_id_id`, `trainer_id_id`) VALUES ('187', '1977-10-20 22:59:10.000000', '3.266', '8.01056821737', 22, '12', '7');
INSERT INTO `dashboard_training` (`id`, `DateTime`, `longitude`, `latitude`, `number_of_participant`, `module_id_id`, `trainer_id_id`) VALUES ('188', '2014-05-15 05:54:16.000000', '2.084', '11.06942319914', 21, '13', '8');
INSERT INTO `dashboard_training` (`id`, `DateTime`, `longitude`, `latitude`, `number_of_participant`, `module_id_id`, `trainer_id_id`) VALUES ('189', '2000-08-09 17:30:51.000000', '1.449', '7.30773574022', 25, '14', '9');
INSERT INTO `dashboard_training` (`id`, `DateTime`, `longitude`, `latitude`, `number_of_participant`, `module_id_id`, `trainer_id_id`) VALUES ('190', '1979-06-02 08:29:13.000000', '1.851', '11.31781902289', 22, '15', '10');
INSERT INTO `dashboard_training` (`id`, `DateTime`, `longitude`, `latitude`, `number_of_participant`, `module_id_id`, `trainer_id_id`) VALUES ('191', '1982-05-31 20:29:30.000000', '1.481', '9.76742446162', 24, '16', '11');
INSERT INTO `dashboard_training` (`id`, `DateTime`, `longitude`, `latitude`, `number_of_participant`, `module_id_id`, `trainer_id_id`) VALUES ('192', '2006-09-16 20:14:15.000000', '2.446', '7.80872918165', 39, '17', '12');
INSERT INTO `dashboard_training` (`id`, `DateTime`, `longitude`, `latitude`, `number_of_participant`, `module_id_id`, `trainer_id_id`) VALUES ('193', '2015-09-10 15:14:05.000000', '2.107', '7.15160791146', 35, '18', '13');
INSERT INTO `dashboard_training` (`id`, `DateTime`, `longitude`, `latitude`, `number_of_participant`, `module_id_id`, `trainer_id_id`) VALUES ('194', '2010-10-17 18:32:07.000000', '1.973', '7.25582626208', 36, '19', '14');
INSERT INTO `dashboard_training` (`id`, `DateTime`, `longitude`, `latitude`, `number_of_participant`, `module_id_id`, `trainer_id_id`) VALUES ('195', '2011-10-16 07:08:20.000000', '1.665', '11.57599869237', 34, '20', '15');
INSERT INTO `dashboard_training` (`id`, `DateTime`, `longitude`, `latitude`, `number_of_participant`, `module_id_id`, `trainer_id_id`) VALUES ('196', '2005-05-11 08:39:53.000000', '3.374', '7.42063143633', 40, '21', '16');
INSERT INTO `dashboard_training` (`id`, `DateTime`, `longitude`, `latitude`, `number_of_participant`, `module_id_id`, `trainer_id_id`) VALUES ('197', '1985-01-24 16:07:06.000000', '1.421', '6.41562364679', 29, '22', '17');
INSERT INTO `dashboard_training` (`id`, `DateTime`, `longitude`, `latitude`, `number_of_participant`, `module_id_id`, `trainer_id_id`) VALUES ('198', '2014-12-20 10:25:50.000000', '3.054', '9.15169495598', 30, '23', '18');
INSERT INTO `dashboard_training` (`id`, `DateTime`, `longitude`, `latitude`, `number_of_participant`, `module_id_id`, `trainer_id_id`) VALUES ('199', '2014-11-23 17:30:14.000000', '1.472', '10.78631433239', 28, '24', '19');
INSERT INTO `dashboard_training` (`id`, `DateTime`, `longitude`, `latitude`, `number_of_participant`, `module_id_id`, `trainer_id_id`) VALUES ('200', '1971-04-30 09:38:01.000000', '2.89', '11.27449044576', 37, '25', '20');
INSERT INTO `dashboard_training` (`id`, `DateTime`, `longitude`, `latitude`, `number_of_participant`, `module_id_id`, `trainer_id_id`) VALUES ('201', '1988-09-15 10:37:16.000000', '2.859', '9.94200328162', 30, '1', '21');
INSERT INTO `dashboard_training` (`id`, `DateTime`, `longitude`, `latitude`, `number_of_participant`, `module_id_id`, `trainer_id_id`) VALUES ('202', '1987-11-08 03:19:26.000000', '1.43', '8.78630871858', 26, '2', '22');
INSERT INTO `dashboard_training` (`id`, `DateTime`, `longitude`, `latitude`, `number_of_participant`, `module_id_id`, `trainer_id_id`) VALUES ('203', '1997-03-03 01:17:50.000000', '1.902', '11.01238825368', 39, '3', '23');
INSERT INTO `dashboard_training` (`id`, `DateTime`, `longitude`, `latitude`, `number_of_participant`, `module_id_id`, `trainer_id_id`) VALUES ('204', '1970-05-12 08:36:59.000000', '3.032', '9.47281432203', 33, '4', '24');
INSERT INTO `dashboard_training` (`id`, `DateTime`, `longitude`, `latitude`, `number_of_participant`, `module_id_id`, `trainer_id_id`) VALUES ('205', '1992-04-24 17:39:14.000000', '2.839', '8.85142003026', 25, '5', '25');
INSERT INTO `dashboard_training` (`id`, `DateTime`, `longitude`, `latitude`, `number_of_participant`, `module_id_id`, `trainer_id_id`) VALUES ('206', '2012-07-24 23:08:30.000000', '2.38', '7.84185222187', 26, '6', '26');
INSERT INTO `dashboard_training` (`id`, `DateTime`, `longitude`, `latitude`, `number_of_participant`, `module_id_id`, `trainer_id_id`) VALUES ('207', '2005-02-06 18:11:04.000000', '1.921', '8.97579235791', 38, '7', '27');
INSERT INTO `dashboard_training` (`id`, `DateTime`, `longitude`, `latitude`, `number_of_participant`, `module_id_id`, `trainer_id_id`) VALUES ('208', '1998-01-14 02:13:49.000000', '2.638', '10.81708663854', 23, '8', '28');
INSERT INTO `dashboard_training` (`id`, `DateTime`, `longitude`, `latitude`, `number_of_participant`, `module_id_id`, `trainer_id_id`) VALUES ('209', '2002-03-08 03:33:09.000000', '2.005', '6.99890711777', 36, '9', '29');
INSERT INTO `dashboard_training` (`id`, `DateTime`, `longitude`, `latitude`, `number_of_participant`, `module_id_id`, `trainer_id_id`) VALUES ('210', '1981-04-20 21:53:37.000000', '3.235', '9.30179981013', 27, '10', '30');
INSERT INTO `dashboard_training` (`id`, `DateTime`, `longitude`, `latitude`, `number_of_participant`, `module_id_id`, `trainer_id_id`) VALUES ('211', '1997-03-29 14:53:04.000000', '2.129', '7.26189440805', 31, '11', '1');
INSERT INTO `dashboard_training` (`id`, `DateTime`, `longitude`, `latitude`, `number_of_participant`, `module_id_id`, `trainer_id_id`) VALUES ('212', '2014-04-21 11:37:54.000000', '3.241', '6.88735311475', 32, '12', '2');
INSERT INTO `dashboard_training` (`id`, `DateTime`, `longitude`, `latitude`, `number_of_participant`, `module_id_id`, `trainer_id_id`) VALUES ('213', '1997-10-02 06:48:16.000000', '1.384', '11.17074312873', 24, '13', '3');
INSERT INTO `dashboard_training` (`id`, `DateTime`, `longitude`, `latitude`, `number_of_participant`, `module_id_id`, `trainer_id_id`) VALUES ('214', '2004-12-23 03:25:38.000000', '2.837', '10.6643838595', 23, '14', '4');
INSERT INTO `dashboard_training` (`id`, `DateTime`, `longitude`, `latitude`, `number_of_participant`, `module_id_id`, `trainer_id_id`) VALUES ('215', '2013-06-26 15:52:36.000000', '2.352', '8.79540314444', 26, '15', '5');
INSERT INTO `dashboard_training` (`id`, `DateTime`, `longitude`, `latitude`, `number_of_participant`, `module_id_id`, `trainer_id_id`) VALUES ('216', '2016-01-06 23:50:47.000000', '2.596', '9.79898038916', 23, '16', '6');
INSERT INTO `dashboard_training` (`id`, `DateTime`, `longitude`, `latitude`, `number_of_participant`, `module_id_id`, `trainer_id_id`) VALUES ('217', '2014-06-01 02:18:58.000000', '2.355', '11.17797972942', 34, '17', '7');
INSERT INTO `dashboard_training` (`id`, `DateTime`, `longitude`, `latitude`, `number_of_participant`, `module_id_id`, `trainer_id_id`) VALUES ('218', '1979-04-19 17:23:36.000000', '2.065', '11.22149095908', 29, '18', '8');
INSERT INTO `dashboard_training` (`id`, `DateTime`, `longitude`, `latitude`, `number_of_participant`, `module_id_id`, `trainer_id_id`) VALUES ('219', '1985-01-20 02:02:02.000000', '2.389', '7.70510396776', 25, '19', '9');
INSERT INTO `dashboard_training` (`id`, `DateTime`, `longitude`, `latitude`, `number_of_participant`, `module_id_id`, `trainer_id_id`) VALUES ('220', '1970-05-13 06:44:36.000000', '2.182', '7.95885582785', 24, '20', '10');
INSERT INTO `dashboard_training` (`id`, `DateTime`, `longitude`, `latitude`, `number_of_participant`, `module_id_id`, `trainer_id_id`) VALUES ('221', '1995-10-04 03:07:00.000000', '1.327', '10.12688686718', 37, '21', '11');
INSERT INTO `dashboard_training` (`id`, `DateTime`, `longitude`, `latitude`, `number_of_participant`, `module_id_id`, `trainer_id_id`) VALUES ('222', '1997-03-11 19:55:35.000000', '1.753', '11.78273155694', 34, '22', '12');
INSERT INTO `dashboard_training` (`id`, `DateTime`, `longitude`, `latitude`, `number_of_participant`, `module_id_id`, `trainer_id_id`) VALUES ('223', '1982-10-28 22:03:22.000000', '1.947', '9.6896321894', 33, '23', '13');
INSERT INTO `dashboard_training` (`id`, `DateTime`, `longitude`, `latitude`, `number_of_participant`, `module_id_id`, `trainer_id_id`) VALUES ('224', '1975-03-27 10:52:00.000000', '2.294', '9.82679559576', 23, '24', '14');
INSERT INTO `dashboard_training` (`id`, `DateTime`, `longitude`, `latitude`, `number_of_participant`, `module_id_id`, `trainer_id_id`) VALUES ('225', '1993-02-27 15:59:57.000000', '2.771', '11.72283256074', 20, '25', '15');
INSERT INTO `dashboard_training` (`id`, `DateTime`, `longitude`, `latitude`, `number_of_participant`, `module_id_id`, `trainer_id_id`) VALUES ('226', '1970-10-01 04:28:27.000000', '2.967', '10.10970301549', 34, '1', '16');
INSERT INTO `dashboard_training` (`id`, `DateTime`, `longitude`, `latitude`, `number_of_participant`, `module_id_id`, `trainer_id_id`) VALUES ('227', '1994-06-16 03:39:06.000000', '2.623', '6.92857104248', 30, '2', '17');
INSERT INTO `dashboard_training` (`id`, `DateTime`, `longitude`, `latitude`, `number_of_participant`, `module_id_id`, `trainer_id_id`) VALUES ('228', '1972-02-01 11:12:32.000000', '1.935', '7.86886888181', 29, '3', '18');
INSERT INTO `dashboard_training` (`id`, `DateTime`, `longitude`, `latitude`, `number_of_participant`, `module_id_id`, `trainer_id_id`) VALUES ('229', '1970-06-11 03:58:54.000000', '3.359', '7.30221555704', 23, '4', '19');
INSERT INTO `dashboard_training` (`id`, `DateTime`, `longitude`, `latitude`, `number_of_participant`, `module_id_id`, `trainer_id_id`) VALUES ('230', '2007-01-22 07:55:25.000000', '2.162', '7.218267916', 34, '5', '20');
INSERT INTO `dashboard_training` (`id`, `DateTime`, `longitude`, `latitude`, `number_of_participant`, `module_id_id`, `trainer_id_id`) VALUES ('231', '2014-08-05 15:22:05.000000', '2.892', '9.36869338123', 20, '6', '21');
INSERT INTO `dashboard_training` (`id`, `DateTime`, `longitude`, `latitude`, `number_of_participant`, `module_id_id`, `trainer_id_id`) VALUES ('232', '2009-02-16 13:54:08.000000', '2.085', '9.84538889496', 34, '7', '22');
INSERT INTO `dashboard_training` (`id`, `DateTime`, `longitude`, `latitude`, `number_of_participant`, `module_id_id`, `trainer_id_id`) VALUES ('233', '1984-12-28 22:31:38.000000', '1.72', '8.36137330271', 34, '8', '23');
INSERT INTO `dashboard_training` (`id`, `DateTime`, `longitude`, `latitude`, `number_of_participant`, `module_id_id`, `trainer_id_id`) VALUES ('234', '1976-06-09 19:01:09.000000', '2.469', '8.18292662108', 33, '9', '24');
INSERT INTO `dashboard_training` (`id`, `DateTime`, `longitude`, `latitude`, `number_of_participant`, `module_id_id`, `trainer_id_id`) VALUES ('235', '2016-08-07 20:24:28.000000', '3.053', '9.52722223102', 23, '10', '25');
INSERT INTO `dashboard_training` (`id`, `DateTime`, `longitude`, `latitude`, `number_of_participant`, `module_id_id`, `trainer_id_id`) VALUES ('236', '2001-10-27 09:49:44.000000', '2.07', '10.45168988631', 20, '11', '26');
INSERT INTO `dashboard_training` (`id`, `DateTime`, `longitude`, `latitude`, `number_of_participant`, `module_id_id`, `trainer_id_id`) VALUES ('237', '1985-01-01 06:52:15.000000', '1.679', '10.63317824668', 40, '12', '27');
INSERT INTO `dashboard_training` (`id`, `DateTime`, `longitude`, `latitude`, `number_of_participant`, `module_id_id`, `trainer_id_id`) VALUES ('238', '1973-02-11 20:32:02.000000', '1.59', '8.66208640351', 27, '13', '28');
INSERT INTO `dashboard_training` (`id`, `DateTime`, `longitude`, `latitude`, `number_of_participant`, `module_id_id`, `trainer_id_id`) VALUES ('239', '1981-08-27 08:12:38.000000', '1.501', '9.70457640616', 28, '14', '29');
INSERT INTO `dashboard_training` (`id`, `DateTime`, `longitude`, `latitude`, `number_of_participant`, `module_id_id`, `trainer_id_id`) VALUES ('240', '1980-06-09 13:27:39.000000', '1.977', '11.72690769276', 30, '15', '30');
INSERT INTO `dashboard_training` (`id`, `DateTime`, `longitude`, `latitude`, `number_of_participant`, `module_id_id`, `trainer_id_id`) VALUES ('241', '2011-02-17 11:58:41.000000', '2.603', '6.31838656426', 26, '16', '1');
INSERT INTO `dashboard_training` (`id`, `DateTime`, `longitude`, `latitude`, `number_of_participant`, `module_id_id`, `trainer_id_id`) VALUES ('242', '1985-04-22 03:35:36.000000', '1.793', '11.82844657848', 32, '17', '2');
INSERT INTO `dashboard_training` (`id`, `DateTime`, `longitude`, `latitude`, `number_of_participant`, `module_id_id`, `trainer_id_id`) VALUES ('243', '2009-12-07 18:50:14.000000', '3.052', '9.06379206132', 27, '18', '3');
INSERT INTO `dashboard_training` (`id`, `DateTime`, `longitude`, `latitude`, `number_of_participant`, `module_id_id`, `trainer_id_id`) VALUES ('244', '1974-10-11 20:53:44.000000', '2.948', '10.58585123515', 32, '19', '4');
INSERT INTO `dashboard_training` (`id`, `DateTime`, `longitude`, `latitude`, `number_of_participant`, `module_id_id`, `trainer_id_id`) VALUES ('245', '1977-09-20 00:01:10.000000', '1.668', '8.84140584188', 34, '20', '5');
INSERT INTO `dashboard_training` (`id`, `DateTime`, `longitude`, `latitude`, `number_of_participant`, `module_id_id`, `trainer_id_id`) VALUES ('246', '1994-10-16 17:56:45.000000', '2.467', '7.41370470431', 35, '21', '6');
INSERT INTO `dashboard_training` (`id`, `DateTime`, `longitude`, `latitude`, `number_of_participant`, `module_id_id`, `trainer_id_id`) VALUES ('247', '1982-07-31 15:13:16.000000', '3.232', '9.52104206479', 28, '22', '7');
INSERT INTO `dashboard_training` (`id`, `DateTime`, `longitude`, `latitude`, `number_of_participant`, `module_id_id`, `trainer_id_id`) VALUES ('248', '2011-06-02 02:31:50.000000', '3.162', '7.63024288142', 40, '23', '8');
INSERT INTO `dashboard_training` (`id`, `DateTime`, `longitude`, `latitude`, `number_of_participant`, `module_id_id`, `trainer_id_id`) VALUES ('249', '2019-11-11 11:16:50.000000', '2.366', '8.14072318258', 31, '24', '9');
INSERT INTO `dashboard_training` (`id`, `DateTime`, `longitude`, `latitude`, `number_of_participant`, `module_id_id`, `trainer_id_id`) VALUES ('250', '2007-03-17 18:53:25.000000', '2.264', '9.47188800498', 37, '25', '10');
INSERT INTO `dashboard_training` (`id`, `DateTime`, `longitude`, `latitude`, `number_of_participant`, `module_id_id`, `trainer_id_id`) VALUES ('251', '1980-10-14 19:05:57.000000', '3.305', '11.71622880385', 36, '1', '11');
INSERT INTO `dashboard_training` (`id`, `DateTime`, `longitude`, `latitude`, `number_of_participant`, `module_id_id`, `trainer_id_id`) VALUES ('252', '1998-04-13 07:18:40.000000', '1.311', '6.48186164531', 37, '2', '12');
INSERT INTO `dashboard_training` (`id`, `DateTime`, `longitude`, `latitude`, `number_of_participant`, `module_id_id`, `trainer_id_id`) VALUES ('253', '1976-06-19 07:21:36.000000', '3.282', '10.99178888873', 31, '3', '13');
INSERT INTO `dashboard_training` (`id`, `DateTime`, `longitude`, `latitude`, `number_of_participant`, `module_id_id`, `trainer_id_id`) VALUES ('254', '2021-10-30 18:41:15.000000', '2.205', '8.59068739907', 37, '4', '14');
INSERT INTO `dashboard_training` (`id`, `DateTime`, `longitude`, `latitude`, `number_of_participant`, `module_id_id`, `trainer_id_id`) VALUES ('255', '1971-12-27 15:46:29.000000', '1.528', '10.67358771398', 20, '5', '15');
INSERT INTO `dashboard_training` (`id`, `DateTime`, `longitude`, `latitude`, `number_of_participant`, `module_id_id`, `trainer_id_id`) VALUES ('256', '2008-06-11 22:50:24.000000', '2.019', '8.85305447322', 26, '6', '16');
INSERT INTO `dashboard_training` (`id`, `DateTime`, `longitude`, `latitude`, `number_of_participant`, `module_id_id`, `trainer_id_id`) VALUES ('257', '2011-02-10 00:10:44.000000', '3.08', '6.43217182366', 20, '7', '17');
INSERT INTO `dashboard_training` (`id`, `DateTime`, `longitude`, `latitude`, `number_of_participant`, `module_id_id`, `trainer_id_id`) VALUES ('258', '1985-02-18 08:07:28.000000', '1.559', '8.584786538', 28, '8', '18');
INSERT INTO `dashboard_training` (`id`, `DateTime`, `longitude`, `latitude`, `number_of_participant`, `module_id_id`, `trainer_id_id`) VALUES ('259', '2019-04-03 12:56:13.000000', '2.28', '9.44040032624', 26, '9', '19');
INSERT INTO `dashboard_training` (`id`, `DateTime`, `longitude`, `latitude`, `number_of_participant`, `module_id_id`, `trainer_id_id`) VALUES ('260', '2015-01-07 07:44:00.000000', '2.898', '7.68217160162', 21, '10', '20');
INSERT INTO `dashboard_training` (`id`, `DateTime`, `longitude`, `latitude`, `number_of_participant`, `module_id_id`, `trainer_id_id`) VALUES ('261', '2020-07-09 08:01:01.000000', '3.017', '8.09896795001', 31, '11', '21');
INSERT INTO `dashboard_training` (`id`, `DateTime`, `longitude`, `latitude`, `number_of_participant`, `module_id_id`, `trainer_id_id`) VALUES ('262', '2015-07-13 18:19:30.000000', '1.756', '9.83951394757', 25, '12', '22');
INSERT INTO `dashboard_training` (`id`, `DateTime`, `longitude`, `latitude`, `number_of_participant`, `module_id_id`, `trainer_id_id`) VALUES ('263', '1988-06-08 09:52:08.000000', '2.286', '9.4502510391', 31, '13', '23');
INSERT INTO `dashboard_training` (`id`, `DateTime`, `longitude`, `latitude`, `number_of_participant`, `module_id_id`, `trainer_id_id`) VALUES ('264', '1990-08-26 04:28:51.000000', '3.371', '10.22447395479', 20, '14', '24');
INSERT INTO `dashboard_training` (`id`, `DateTime`, `longitude`, `latitude`, `number_of_participant`, `module_id_id`, `trainer_id_id`) VALUES ('265', '1983-02-02 17:49:10.000000', '2.268', '8.38161977172', 37, '15', '25');
INSERT INTO `dashboard_training` (`id`, `DateTime`, `longitude`, `latitude`, `number_of_participant`, `module_id_id`, `trainer_id_id`) VALUES ('266', '2007-05-29 20:25:03.000000', '3.13', '7.34595770179', 26, '16', '26');
INSERT INTO `dashboard_training` (`id`, `DateTime`, `longitude`, `latitude`, `number_of_participant`, `module_id_id`, `trainer_id_id`) VALUES ('267', '1993-11-15 23:47:08.000000', '3.122', '10.94243748009', 36, '17', '27');
INSERT INTO `dashboard_training` (`id`, `DateTime`, `longitude`, `latitude`, `number_of_participant`, `module_id_id`, `trainer_id_id`) VALUES ('268', '1993-05-04 16:09:34.000000', '1.579', '9.2861431871', 28, '18', '28');
INSERT INTO `dashboard_training` (`id`, `DateTime`, `longitude`, `latitude`, `number_of_participant`, `module_id_id`, `trainer_id_id`) VALUES ('269', '2012-06-12 16:01:16.000000', '2.37', '9.86029154419', 37, '19', '29');
INSERT INTO `dashboard_training` (`id`, `DateTime`, `longitude`, `latitude`, `number_of_participant`, `module_id_id`, `trainer_id_id`) VALUES ('270', '1978-03-03 19:06:30.000000', '2.075', '8.71596063749', 40, '20', '30');
INSERT INTO `dashboard_training` (`id`, `DateTime`, `longitude`, `latitude`, `number_of_participant`, `module_id_id`, `trainer_id_id`) VALUES ('271', '2006-04-08 15:37:39.000000', '2.286', '7.32554312303', 37, '21', '1');
INSERT INTO `dashboard_training` (`id`, `DateTime`, `longitude`, `latitude`, `number_of_participant`, `module_id_id`, `trainer_id_id`) VALUES ('272', '1983-11-23 02:33:53.000000', '1.772', '6.72670998052', 40, '22', '2');
INSERT INTO `dashboard_training` (`id`, `DateTime`, `longitude`, `latitude`, `number_of_participant`, `module_id_id`, `trainer_id_id`) VALUES ('273', '1992-08-11 11:14:46.000000', '2.524', '10.79804883872', 29, '23', '3');
INSERT INTO `dashboard_training` (`id`, `DateTime`, `longitude`, `latitude`, `number_of_participant`, `module_id_id`, `trainer_id_id`) VALUES ('274', '2008-01-27 12:10:42.000000', '1.904', '7.99060442836', 23, '24', '4');
INSERT INTO `dashboard_training` (`id`, `DateTime`, `longitude`, `latitude`, `number_of_participant`, `module_id_id`, `trainer_id_id`) VALUES ('275', '1994-11-23 07:19:41.000000', '1.531', '8.99671611611', 30, '25', '5');
INSERT INTO `dashboard_training` (`id`, `DateTime`, `longitude`, `latitude`, `number_of_participant`, `module_id_id`, `trainer_id_id`) VALUES ('276', '2004-08-22 18:36:42.000000', '2.573', '8.04566475367', 32, '1', '6');
INSERT INTO `dashboard_training` (`id`, `DateTime`, `longitude`, `latitude`, `number_of_participant`, `module_id_id`, `trainer_id_id`) VALUES ('277', '2005-09-04 11:41:48.000000', '1.658', '8.95257627616', 39, '2', '7');
INSERT INTO `dashboard_training` (`id`, `DateTime`, `longitude`, `latitude`, `number_of_participant`, `module_id_id`, `trainer_id_id`) VALUES ('278', '2012-04-03 23:04:21.000000', '1.458', '8.26487799563', 36, '3', '8');
INSERT INTO `dashboard_training` (`id`, `DateTime`, `longitude`, `latitude`, `number_of_participant`, `module_id_id`, `trainer_id_id`) VALUES ('279', '1994-03-27 22:18:37.000000', '2.579', '11.12057860202', 39, '4', '9');
INSERT INTO `dashboard_training` (`id`, `DateTime`, `longitude`, `latitude`, `number_of_participant`, `module_id_id`, `trainer_id_id`) VALUES ('280', '2014-08-18 00:22:58.000000', '1.353', '7.92522724584', 23, '5', '10');
INSERT INTO `dashboard_training` (`id`, `DateTime`, `longitude`, `latitude`, `number_of_participant`, `module_id_id`, `trainer_id_id`) VALUES ('281', '2018-04-24 01:19:24.000000', '2.883', '11.75837022282', 27, '6', '11');
INSERT INTO `dashboard_training` (`id`, `DateTime`, `longitude`, `latitude`, `number_of_participant`, `module_id_id`, `trainer_id_id`) VALUES ('282', '1988-02-03 05:37:25.000000', '3.266', '8.59677352511', 35, '7', '12');
INSERT INTO `dashboard_training` (`id`, `DateTime`, `longitude`, `latitude`, `number_of_participant`, `module_id_id`, `trainer_id_id`) VALUES ('283', '1989-02-24 19:05:52.000000', '1.984', '8.76518558197', 39, '8', '13');
INSERT INTO `dashboard_training` (`id`, `DateTime`, `longitude`, `latitude`, `number_of_participant`, `module_id_id`, `trainer_id_id`) VALUES ('284', '2001-11-21 01:55:54.000000', '2.205', '7.95983562194', 37, '9', '14');
INSERT INTO `dashboard_training` (`id`, `DateTime`, `longitude`, `latitude`, `number_of_participant`, `module_id_id`, `trainer_id_id`) VALUES ('285', '1994-11-12 18:37:31.000000', '1.886', '11.12456823374', 36, '10', '15');
INSERT INTO `dashboard_training` (`id`, `DateTime`, `longitude`, `latitude`, `number_of_participant`, `module_id_id`, `trainer_id_id`) VALUES ('286', '1988-09-03 05:00:46.000000', '1.506', '9.36735471692', 22, '11', '16');
INSERT INTO `dashboard_training` (`id`, `DateTime`, `longitude`, `latitude`, `number_of_participant`, `module_id_id`, `trainer_id_id`) VALUES ('287', '2016-04-15 17:01:42.000000', '2.871', '11.39164036163', 30, '12', '17');
INSERT INTO `dashboard_training` (`id`, `DateTime`, `longitude`, `latitude`, `number_of_participant`, `module_id_id`, `trainer_id_id`) VALUES ('288', '2000-12-16 07:58:11.000000', '3.375', '6.63493104343', 29, '13', '18');
INSERT INTO `dashboard_training` (`id`, `DateTime`, `longitude`, `latitude`, `number_of_participant`, `module_id_id`, `trainer_id_id`) VALUES ('289', '1971-09-11 21:53:44.000000', '3.274', '6.99354750884', 32, '14', '19');
INSERT INTO `dashboard_training` (`id`, `DateTime`, `longitude`, `latitude`, `number_of_participant`, `module_id_id`, `trainer_id_id`) VALUES ('290', '1970-05-13 16:25:23.000000', '2.677', '8.00927890848', 26, '15', '20');
INSERT INTO `dashboard_training` (`id`, `DateTime`, `longitude`, `latitude`, `number_of_participant`, `module_id_id`, `trainer_id_id`) VALUES ('291', '2002-03-24 13:52:33.000000', '3.023', '8.4306177562', 34, '16', '21');
INSERT INTO `dashboard_training` (`id`, `DateTime`, `longitude`, `latitude`, `number_of_participant`, `module_id_id`, `trainer_id_id`) VALUES ('292', '1984-01-26 19:27:08.000000', '1.832', '6.73585812281', 30, '17', '22');
INSERT INTO `dashboard_training` (`id`, `DateTime`, `longitude`, `latitude`, `number_of_participant`, `module_id_id`, `trainer_id_id`) VALUES ('293', '2006-01-14 18:54:57.000000', '2.487', '10.86166978218', 30, '18', '23');
INSERT INTO `dashboard_training` (`id`, `DateTime`, `longitude`, `latitude`, `number_of_participant`, `module_id_id`, `trainer_id_id`) VALUES ('294', '2006-04-30 02:33:12.000000', '2.868', '8.49783410209', 27, '19', '24');
INSERT INTO `dashboard_training` (`id`, `DateTime`, `longitude`, `latitude`, `number_of_participant`, `module_id_id`, `trainer_id_id`) VALUES ('295', '1983-06-03 00:08:11.000000', '3.26', '10.6900868815', 27, '20', '25');
INSERT INTO `dashboard_training` (`id`, `DateTime`, `longitude`, `latitude`, `number_of_participant`, `module_id_id`, `trainer_id_id`) VALUES ('296', '1976-02-22 06:28:03.000000', '1.711', '10.25676506942', 24, '21', '26');
INSERT INTO `dashboard_training` (`id`, `DateTime`, `longitude`, `latitude`, `number_of_participant`, `module_id_id`, `trainer_id_id`) VALUES ('297', '2018-10-16 23:42:56.000000', '1.497', '11.07909961461', 30, '22', '27');
INSERT INTO `dashboard_training` (`id`, `DateTime`, `longitude`, `latitude`, `number_of_participant`, `module_id_id`, `trainer_id_id`) VALUES ('298', '2009-05-26 07:56:07.000000', '1.323', '7.06298056831', 23, '23', '28');
INSERT INTO `dashboard_training` (`id`, `DateTime`, `longitude`, `latitude`, `number_of_participant`, `module_id_id`, `trainer_id_id`) VALUES ('299', '1977-05-04 18:22:21.000000', '3.299', '8.24477464381', 26, '24', '29');
INSERT INTO `dashboard_training` (`id`, `DateTime`, `longitude`, `latitude`, `number_of_participant`, `module_id_id`, `trainer_id_id`) VALUES ('300', '1970-04-25 17:44:10.000000', '1.41', '10.97678739075', 33, '25', '30');
INSERT INTO `dashboard_training` (`id`, `DateTime`, `longitude`, `latitude`, `number_of_participant`, `module_id_id`, `trainer_id_id`) VALUES ('301', '1991-02-13 10:16:12.000000', '2.956', '6.53811828794', 37, '1', '1');
INSERT INTO `dashboard_training` (`id`, `DateTime`, `longitude`, `latitude`, `number_of_participant`, `module_id_id`, `trainer_id_id`) VALUES ('302', '2000-06-04 19:28:47.000000', '2.273', '11.80597336503', 25, '2', '2');
INSERT INTO `dashboard_training` (`id`, `DateTime`, `longitude`, `latitude`, `number_of_participant`, `module_id_id`, `trainer_id_id`) VALUES ('303', '1976-11-03 08:11:33.000000', '3.26', '10.91649495107', 29, '3', '3');
INSERT INTO `dashboard_training` (`id`, `DateTime`, `longitude`, `latitude`, `number_of_participant`, `module_id_id`, `trainer_id_id`) VALUES ('304', '2019-03-16 17:55:05.000000', '1.693', '7.88066666185', 36, '4', '4');
INSERT INTO `dashboard_training` (`id`, `DateTime`, `longitude`, `latitude`, `number_of_participant`, `module_id_id`, `trainer_id_id`) VALUES ('305', '1973-07-26 06:11:53.000000', '1.298', '7.35262431086', 37, '5', '5');
INSERT INTO `dashboard_training` (`id`, `DateTime`, `longitude`, `latitude`, `number_of_participant`, `module_id_id`, `trainer_id_id`) VALUES ('306', '1991-03-04 02:51:55.000000', '1.711', '11.81692339911', 36, '6', '6');
INSERT INTO `dashboard_training` (`id`, `DateTime`, `longitude`, `latitude`, `number_of_participant`, `module_id_id`, `trainer_id_id`) VALUES ('307', '2009-06-20 05:27:52.000000', '1.364', '10.67272877666', 25, '7', '7');
INSERT INTO `dashboard_training` (`id`, `DateTime`, `longitude`, `latitude`, `number_of_participant`, `module_id_id`, `trainer_id_id`) VALUES ('308', '2020-10-22 01:38:56.000000', '2.855', '8.71520169642', 35, '8', '8');
INSERT INTO `dashboard_training` (`id`, `DateTime`, `longitude`, `latitude`, `number_of_participant`, `module_id_id`, `trainer_id_id`) VALUES ('309', '2006-03-12 07:40:53.000000', '1.375', '11.20649494358', 24, '9', '9');
INSERT INTO `dashboard_training` (`id`, `DateTime`, `longitude`, `latitude`, `number_of_participant`, `module_id_id`, `trainer_id_id`) VALUES ('310', '2016-10-12 13:37:12.000000', '1.462', '9.18613443913', 29, '10', '10');
INSERT INTO `dashboard_training` (`id`, `DateTime`, `longitude`, `latitude`, `number_of_participant`, `module_id_id`, `trainer_id_id`) VALUES ('311', '1986-05-21 15:48:03.000000', '3.185', '7.75713383171', 34, '11', '11');
INSERT INTO `dashboard_training` (`id`, `DateTime`, `longitude`, `latitude`, `number_of_participant`, `module_id_id`, `trainer_id_id`) VALUES ('312', '1987-09-16 07:44:35.000000', '2.6', '7.87661551801', 28, '12', '12');
INSERT INTO `dashboard_training` (`id`, `DateTime`, `longitude`, `latitude`, `number_of_participant`, `module_id_id`, `trainer_id_id`) VALUES ('313', '2014-03-23 16:42:45.000000', '1.307', '11.81734101029', 33, '13', '13');
INSERT INTO `dashboard_training` (`id`, `DateTime`, `longitude`, `latitude`, `number_of_participant`, `module_id_id`, `trainer_id_id`) VALUES ('314', '1973-07-04 17:12:10.000000', '2.031', '10.01979129171', 35, '14', '14');
INSERT INTO `dashboard_training` (`id`, `DateTime`, `longitude`, `latitude`, `number_of_participant`, `module_id_id`, `trainer_id_id`) VALUES ('315', '2000-09-30 07:58:55.000000', '2.766', '10.65304032991', 21, '15', '15');
INSERT INTO `dashboard_training` (`id`, `DateTime`, `longitude`, `latitude`, `number_of_participant`, `module_id_id`, `trainer_id_id`) VALUES ('316', '2012-05-04 00:12:25.000000', '3.377', '10.96847433812', 37, '16', '16');
INSERT INTO `dashboard_training` (`id`, `DateTime`, `longitude`, `latitude`, `number_of_participant`, `module_id_id`, `trainer_id_id`) VALUES ('317', '1981-10-06 14:51:48.000000', '2.746', '9.74388221984', 25, '17', '17');
INSERT INTO `dashboard_training` (`id`, `DateTime`, `longitude`, `latitude`, `number_of_participant`, `module_id_id`, `trainer_id_id`) VALUES ('318', '1970-02-19 16:32:40.000000', '3.295', '9.08380140938', 30, '18', '18');
INSERT INTO `dashboard_training` (`id`, `DateTime`, `longitude`, `latitude`, `number_of_participant`, `module_id_id`, `trainer_id_id`) VALUES ('319', '2002-12-06 02:57:49.000000', '2.867', '7.56828303098', 29, '19', '19');
INSERT INTO `dashboard_training` (`id`, `DateTime`, `longitude`, `latitude`, `number_of_participant`, `module_id_id`, `trainer_id_id`) VALUES ('320', '2011-08-15 02:37:35.000000', '1.277', '8.88269839341', 40, '20', '20');
INSERT INTO `dashboard_training` (`id`, `DateTime`, `longitude`, `latitude`, `number_of_participant`, `module_id_id`, `trainer_id_id`) VALUES ('321', '1984-06-10 17:28:29.000000', '2.827', '6.51884449126', 25, '21', '21');
INSERT INTO `dashboard_training` (`id`, `DateTime`, `longitude`, `latitude`, `number_of_participant`, `module_id_id`, `trainer_id_id`) VALUES ('322', '1973-04-20 11:02:25.000000', '2.701', '7.79752918817', 37, '22', '22');
INSERT INTO `dashboard_training` (`id`, `DateTime`, `longitude`, `latitude`, `number_of_participant`, `module_id_id`, `trainer_id_id`) VALUES ('323', '1972-11-12 19:00:37.000000', '2.095', '11.84295537832', 24, '23', '23');
INSERT INTO `dashboard_training` (`id`, `DateTime`, `longitude`, `latitude`, `number_of_participant`, `module_id_id`, `trainer_id_id`) VALUES ('324', '2010-07-15 15:59:07.000000', '2.42', '7.5119577076', 34, '24', '24');
INSERT INTO `dashboard_training` (`id`, `DateTime`, `longitude`, `latitude`, `number_of_participant`, `module_id_id`, `trainer_id_id`) VALUES ('325', '2004-06-26 04:29:29.000000', '1.594', '11.60230832705', 34, '25', '25');
INSERT INTO `dashboard_training` (`id`, `DateTime`, `longitude`, `latitude`, `number_of_participant`, `module_id_id`, `trainer_id_id`) VALUES ('326', '2007-03-31 23:55:28.000000', '2.311', '8.82555193508', 32, '1', '26');
INSERT INTO `dashboard_training` (`id`, `DateTime`, `longitude`, `latitude`, `number_of_participant`, `module_id_id`, `trainer_id_id`) VALUES ('327', '1973-09-18 00:46:01.000000', '1.55', '8.42938935317', 36, '2', '27');
INSERT INTO `dashboard_training` (`id`, `DateTime`, `longitude`, `latitude`, `number_of_participant`, `module_id_id`, `trainer_id_id`) VALUES ('328', '1975-11-28 09:36:15.000000', '2.025', '8.73435836505', 34, '3', '28');
INSERT INTO `dashboard_training` (`id`, `DateTime`, `longitude`, `latitude`, `number_of_participant`, `module_id_id`, `trainer_id_id`) VALUES ('329', '2010-05-13 06:31:49.000000', '1.82', '8.85985278955', 21, '4', '29');
INSERT INTO `dashboard_training` (`id`, `DateTime`, `longitude`, `latitude`, `number_of_participant`, `module_id_id`, `trainer_id_id`) VALUES ('330', '1992-09-19 08:51:05.000000', '1.947', '8.18432580355', 20, '5', '30');
INSERT INTO `dashboard_training` (`id`, `DateTime`, `longitude`, `latitude`, `number_of_participant`, `module_id_id`, `trainer_id_id`) VALUES ('331', '2001-07-01 07:59:42.000000', '2.775', '8.56223588535', 28, '6', '1');
INSERT INTO `dashboard_training` (`id`, `DateTime`, `longitude`, `latitude`, `number_of_participant`, `module_id_id`, `trainer_id_id`) VALUES ('332', '1997-10-25 15:05:57.000000', '1.912', '10.43590700469', 35, '7', '2');
INSERT INTO `dashboard_training` (`id`, `DateTime`, `longitude`, `latitude`, `number_of_participant`, `module_id_id`, `trainer_id_id`) VALUES ('333', '1973-02-15 06:34:55.000000', '2.325', '9.32682009428', 22, '8', '3');
INSERT INTO `dashboard_training` (`id`, `DateTime`, `longitude`, `latitude`, `number_of_participant`, `module_id_id`, `trainer_id_id`) VALUES ('334', '2003-10-05 15:56:55.000000', '1.933', '7.98174415974', 35, '9', '4');
INSERT INTO `dashboard_training` (`id`, `DateTime`, `longitude`, `latitude`, `number_of_participant`, `module_id_id`, `trainer_id_id`) VALUES ('335', '2018-05-25 17:07:22.000000', '2.007', '6.81816127963', 40, '10', '5');
INSERT INTO `dashboard_training` (`id`, `DateTime`, `longitude`, `latitude`, `number_of_participant`, `module_id_id`, `trainer_id_id`) VALUES ('336', '1979-06-02 19:05:56.000000', '2.991', '8.1153217834', 26, '11', '6');
INSERT INTO `dashboard_training` (`id`, `DateTime`, `longitude`, `latitude`, `number_of_participant`, `module_id_id`, `trainer_id_id`) VALUES ('337', '1972-09-12 16:09:54.000000', '1.818', '7.53581361963', 27, '12', '7');
INSERT INTO `dashboard_training` (`id`, `DateTime`, `longitude`, `latitude`, `number_of_participant`, `module_id_id`, `trainer_id_id`) VALUES ('338', '1975-10-22 13:23:50.000000', '1.409', '10.32256727893', 24, '13', '8');
INSERT INTO `dashboard_training` (`id`, `DateTime`, `longitude`, `latitude`, `number_of_participant`, `module_id_id`, `trainer_id_id`) VALUES ('339', '1971-03-13 12:03:30.000000', '1.317', '10.94575373088', 27, '14', '9');
INSERT INTO `dashboard_training` (`id`, `DateTime`, `longitude`, `latitude`, `number_of_participant`, `module_id_id`, `trainer_id_id`) VALUES ('340', '1972-05-07 10:52:18.000000', '2.939', '10.7749603322', 37, '15', '10');
INSERT INTO `dashboard_training` (`id`, `DateTime`, `longitude`, `latitude`, `number_of_participant`, `module_id_id`, `trainer_id_id`) VALUES ('341', '2005-07-30 06:49:56.000000', '1.888', '6.63852973483', 28, '16', '11');
INSERT INTO `dashboard_training` (`id`, `DateTime`, `longitude`, `latitude`, `number_of_participant`, `module_id_id`, `trainer_id_id`) VALUES ('342', '1986-05-24 05:49:06.000000', '2.153', '11.71174139482', 28, '17', '12');
INSERT INTO `dashboard_training` (`id`, `DateTime`, `longitude`, `latitude`, `number_of_participant`, `module_id_id`, `trainer_id_id`) VALUES ('343', '1971-09-01 07:06:40.000000', '1.802', '7.81155940072', 26, '18', '13');
INSERT INTO `dashboard_training` (`id`, `DateTime`, `longitude`, `latitude`, `number_of_participant`, `module_id_id`, `trainer_id_id`) VALUES ('344', '1979-08-07 19:23:41.000000', '1.281', '7.13480849759', 36, '19', '14');
INSERT INTO `dashboard_training` (`id`, `DateTime`, `longitude`, `latitude`, `number_of_participant`, `module_id_id`, `trainer_id_id`) VALUES ('345', '2006-03-04 09:14:36.000000', '2.913', '6.47971989377', 34, '20', '15');
INSERT INTO `dashboard_training` (`id`, `DateTime`, `longitude`, `latitude`, `number_of_participant`, `module_id_id`, `trainer_id_id`) VALUES ('346', '1996-04-26 22:31:55.000000', '1.479', '10.03806443377', 37, '21', '16');
INSERT INTO `dashboard_training` (`id`, `DateTime`, `longitude`, `latitude`, `number_of_participant`, `module_id_id`, `trainer_id_id`) VALUES ('347', '2000-03-22 04:29:16.000000', '1.533', '6.7119558451', 39, '22', '17');
INSERT INTO `dashboard_training` (`id`, `DateTime`, `longitude`, `latitude`, `number_of_participant`, `module_id_id`, `trainer_id_id`) VALUES ('348', '2007-03-05 09:53:56.000000', '1.321', '8.2925327815', 20, '23', '18');
INSERT INTO `dashboard_training` (`id`, `DateTime`, `longitude`, `latitude`, `number_of_participant`, `module_id_id`, `trainer_id_id`) VALUES ('349', '1999-01-12 06:10:27.000000', '1.853', '10.67601187491', 31, '24', '19');
INSERT INTO `dashboard_training` (`id`, `DateTime`, `longitude`, `latitude`, `number_of_participant`, `module_id_id`, `trainer_id_id`) VALUES ('350', '2021-07-11 12:31:39.000000', '1.295', '7.95459868861', 20, '25', '20');